,Validation_Set,Model_Variant,Negative,Vector_size,Window,Min_count,Epochs,Sample,Softmax,Word_pairs_test_Pearson_coeff,Word_pairs_test_Pearson_p-val,Word_pairs_test_Spearman_coeff,Word_pairs_test_Spearman_p-val,Word_pairs_test_Out-of-vocab_ratio,Analogies_test
0,iDnes.cz 100% Corpus,0,15,200,5,8,30,0.0001,0,0.0603692369068516,0.3081145421458048,-0.0119581335881701,0.8401459959429313,18.69688385269122,0.0
3,iDnes.cz 100% Corpus,0,5,100,20,3,25,1e-05,0,0.0679671884756229,0.2282740317696655,0.0157159140793255,0.7807956932877379,10.48158640226629,0.0
4,iDnes.cz 100% Corpus,1,10,250,4,12,20,0.0001,0,0.5556056965219291,3.4327835699984664e-23,0.5518246168271879,7.738622983079646e-23,23.79603399433428,0.0373641304347826
6,iDnes.cz 100% Corpus,0,5,158,1,0,25,0.01,0,0.022774775658932,0.6820385650183645,0.001958177912617,0.9719042747072086,7.64872521246459,0.0
7,iDnes.cz 100% Corpus,1,15,450,1,8,25,0.1,0,0.2803841116612977,1.389979144597176e-06,0.2584209674745719,9.234006990362006e-06,18.69688385269122,0.0020222446916076
8,iDnes.cz 100% Corpus,1,10,200,1,8,20,1e-05,0,0.1427355481446276,0.0155229010530885,0.2412693175328521,3.616474342701551e-05,18.69688385269122,0.019211324570273
9,iDnes.cz 100% Corpus,1,5,200,2,12,20,0.01,0,0.4484688483255402,1.0264225443816539e-14,0.4526168040430925,5.439607860329733e-15,23.79603399433428,0.0129076086956521
10,iDnes.cz 100% Corpus,0,5,200,16,5,25,1e-05,0,-0.0053065960220453,0.9264630027818848,-0.0661935409658631,0.2490999839070025,13.59773371104816,0.0
11,iDnes.cz 100% Corpus,0,10,300,16,12,20,0.0001,0,0.0918924237494501,0.1327586778977119,-0.013546356723516,0.8249738615105867,23.79603399433428,0.0
12,iDnes.cz 100% Corpus,0,5,158,12,8,30,0.01,0,0.0719396785042479,0.2243693257166875,0.0089740571651087,0.879684062735478,18.69688385269122,0.0
13,iDnes.cz 100% Corpus,1,10,158,20,0,25,0.0,0,0.5698608689167374,1.8280795691727392e-29,0.5634433104787278,1.0484673240312955e-28,7.64872521246459,0.0194881889763779
14,iDnes.cz 100% Corpus,1,10,450,4,8,20,1e-05,0,0.3057590516494335,1.2613623037306865e-07,0.352815449586938,7.754084586870246e-10,18.69688385269122,0.0197168857431749
16,iDnes.cz 100% Corpus,1,5,300,2,8,20,0.001,0,0.4435777016157742,2.8944237559528828e-15,0.4488061600419624,1.247692382673261e-15,18.69688385269122,0.0146612740141557
17,iDnes.cz 100% Corpus,0,15,250,5,3,25,0.0,0,0.1072896542602231,0.0567583589561918,0.0374008331055852,0.5076836263542623,10.48158640226629,0.0
18,iDnes.cz 100% Corpus,1,10,158,20,5,30,0.0001,0,0.5905445965689254,4.6825794175565735e-30,0.6086543134398356,2.6676530908756965e-32,13.59773371104816,0.0332823259372609
21,iDnes.cz 100% Corpus,1,15,250,5,5,25,0.001,0,0.5133928828681109,6.557458190689059e-22,0.5306801412889735,1.4791245411605532e-23,13.59773371104816,0.0225707727620505
22,iDnes.cz 100% Corpus,0,5,158,8,3,20,1e-05,0,0.0931378075358092,0.098394612493522,0.0224253639073836,0.6912847603389536,10.48158640226629,0.0
23,iDnes.cz 100% Corpus,0,10,158,4,1,20,0.01,0,0.0756817208087127,0.1728270508166401,0.0135084315346281,0.8080245233634342,7.64872521246459,0.0
24,iDnes.cz 100% Corpus,1,15,158,20,0,25,0.01,0,0.5693060067400184,2.1292985725805482e-29,0.5653270197876105,6.303950632968844e-29,7.64872521246459,0.0200787401574803
25,iDnes.cz 100% Corpus,1,15,250,8,12,20,0.01,0,0.5311584287052182,5.510755966336376e-21,0.5365344895674472,1.868520734783687e-21,23.79603399433428,0.0285326086956521
26,iDnes.cz 100% Corpus,1,15,300,16,8,20,1e-05,0,0.5539684845647469,1.7474424944458788e-24,0.545644351246889,1.1501693620086045e-23,18.69688385269122,0.0197168857431749
27,iDnes.cz 100% Corpus,1,10,200,20,2,20,0.0001,0,0.5900515366380611,1.3744226798908338e-31,0.575851211252885,7.787328103087294e-30,8.78186968838527,0.022801302931596
28,iDnes.cz 100% Corpus,0,15,450,20,2,25,0.01,0,0.0729609533066252,0.191590982263554,-0.0015800753788882,0.9774681889383904,8.78186968838527,0.0
29,iDnes.cz 100% Corpus,0,15,450,16,1,20,0.0001,0,0.1260444334169305,0.0228379425911699,0.0649645048871327,0.2421236766637167,7.64872521246459,0.0
31,iDnes.cz 100% Corpus,1,10,158,20,12,25,0.01,0,0.5333908518880071,3.525158943978498e-21,0.5407966630170457,7.817989456256259e-22,23.79603399433428,0.0427989130434782
33,iDnes.cz 100% Corpus,0,5,50,12,5,25,0.01,0,0.0774376782276058,0.1773806233740311,0.071132325332181,0.2154412658337266,13.59773371104816,0.0
34,iDnes.cz 100% Corpus,1,10,100,16,0,30,1e-05,0,0.5454519597988874,1.151870271208532e-26,0.534062675380701,1.9547947647228995e-25,7.64872521246459,0.0108267716535433
35,iDnes.cz 100% Corpus,0,10,300,2,5,20,0.1,0,0.1047501732857958,0.0677147379473342,0.0440087685950244,0.4437980938832616,13.59773371104816,0.0
36,iDnes.cz 100% Corpus,1,5,100,5,0,20,0.01,0,0.4883278334594969,6.127872540287662e-21,0.4936989603286403,1.9664260790511657e-21,7.64872521246459,0.0124015748031496
37,iDnes.cz 100% Corpus,0,15,158,4,2,20,0.0001,0,0.0503922996113609,0.3674215775698601,0.0291591481147207,0.6021451126749604,8.78186968838527,0.0
38,iDnes.cz 100% Corpus,1,10,450,12,5,25,0.01,0,0.5630499895461578,6.600823173005253e-27,0.5625870483550562,7.415330526820774e-27,13.59773371104816,0.0237184391736801
39,iDnes.cz 100% Corpus,1,5,158,12,2,25,0.0001,0,0.5882344686198637,2.329696282188622e-31,0.5661554575346157,1.097279766069292e-28,8.78186968838527,0.0167877724880982
40,iDnes.cz 100% Corpus,0,10,450,2,12,25,0.01,0,0.112638706412915,0.0650835448674345,0.0435797756532392,0.4766064713428731,23.79603399433428,0.0
42,iDnes.cz 100% Corpus,0,15,158,8,2,25,0.1,0,0.0503922996113609,0.3674215775698601,0.0291591481147207,0.6021451126749604,8.78186968838527,0.0
43,iDnes.cz 100% Corpus,0,5,158,8,0,30,0.001,0,0.0756817208087127,0.1728270508166401,0.0135084315346281,0.8080245233634342,7.64872521246459,0.0
44,iDnes.cz 100% Corpus,0,15,200,8,1,20,0.001,0,0.0499266267853033,0.36889420143628,-0.002261594177135,0.9675531200432634,7.64872521246459,0.0
45,iDnes.cz 100% Corpus,1,5,100,16,8,30,0.0001,0,0.5646144620136381,1.4514417707263909e-25,0.5724413930597648,2.1983481212225688e-26,18.69688385269122,0.0399393326592517
46,iDnes.cz 100% Corpus,1,15,450,5,12,25,0.001,0,0.4844272077859994,3.1028531730474866e-17,0.4939552935784443,5.929378457499409e-18,23.79603399433428,0.014266304347826
47,iDnes.cz 100% Corpus,0,5,450,20,3,20,0.0001,0,0.0519076143299379,0.3577330073202929,-0.0265632224225705,0.638062186726347,10.48158640226629,0.0
52,iDnes.cz 100% Corpus,1,15,158,2,0,30,0.01,0,0.4199045677533833,2.344548931235187e-15,0.4311366740517411,3.4489843318097213e-16,7.64872521246459,0.0029527559055118
53,iDnes.cz 100% Corpus,1,15,50,16,2,25,0.01,0,0.576797060708474,5.9876227169612656e-30,0.5763472312762848,6.785482746866222e-30,8.78186968838527,0.01628664495114
54,iDnes.cz 100% Corpus,1,5,50,2,5,25,0.0001,0,0.5057930628843834,3.246906878204064e-21,0.5070503610575947,2.4987947306159297e-21,13.59773371104816,0.01185921958684
57,iDnes.cz 100% Corpus,1,10,100,2,5,20,0.0001,0,0.4732591811544023,1.982410071456652e-18,0.4813383991498108,4.294109718305735e-19,13.59773371104816,0.0179801071155317
58,iDnes.cz 100% Corpus,0,10,300,8,12,30,1e-05,0,0.1303895533057769,0.0325392087331584,0.0475783953095777,0.4370702612013544,23.79603399433428,0.0
59,iDnes.cz 100% Corpus,1,10,250,4,5,20,0.01,0,0.4969882574694931,1.9721883889274318e-20,0.5082540760791363,1.942661027447587e-21,13.59773371104816,0.0214231063504208
60,iDnes.cz 100% Corpus,1,10,300,16,8,30,1e-05,0,0.5883838675997185,4.0085074268893076e-28,0.5741386388742594,1.4502512515520548e-26,18.69688385269122,0.0414560161779575
61,iDnes.cz 100% Corpus,1,5,300,16,1,25,1e-05,0,0.430829383052336,3.638126392291553e-16,0.429687480386509,4.434386537674098e-16,7.64872521246459,0.0041338582677165
63,iDnes.cz 100% Corpus,1,10,250,20,1,20,0.0,0,0.5582258229588246,4.2189540327780165e-28,0.5479664832463191,6.07494116451406e-27,7.64872521246459,0.0157480314960629
64,iDnes.cz 100% Corpus,1,15,200,20,5,25,1e-05,0,0.5758054497437445,2.486070466325073e-28,0.5631567616839447,6.4258726517561896e-27,13.59773371104816,0.0313695485845447
66,iDnes.cz 100% Corpus,0,15,450,8,2,20,0.01,0,0.0729609533066252,0.191590982263554,-0.0015800753788882,0.9774681889383904,8.78186968838527,0.0
67,iDnes.cz 100% Corpus,0,15,300,20,5,30,0.1,0,0.1047501732857958,0.0677147379473342,0.0440087685950244,0.4437980938832616,13.59773371104816,0.0
68,iDnes.cz 100% Corpus,1,15,50,20,5,20,0.0,0,0.5768570227767655,1.8850354371525438e-28,0.5777679841485174,1.481993970157913e-28,13.59773371104816,0.021805661820964
69,iDnes.cz 100% Corpus,0,15,450,12,1,25,0.001,0,0.1260444334169305,0.0228379425911699,0.0649645048871327,0.2421236766637167,7.64872521246459,0.0
70,iDnes.cz 100% Corpus,1,5,50,4,0,30,0.1,0,0.5279213786108035,8.611247331423752e-25,0.5345025596911321,1.7557760617965083e-25,7.64872521246459,0.0179133858267716
71,iDnes.cz 100% Corpus,1,10,100,1,12,20,0.001,0,0.3085680624589804,2.4187963492499904e-07,0.3046614035075067,3.483924757888015e-07,23.79603399433428,0.0122282608695652
72,iDnes.cz 100% Corpus,1,10,250,20,5,20,0.01,0,0.5680702464496306,1.8470665706766128e-27,0.578121570149223,1.349607733646154e-28,13.59773371104816,0.0298393267023718
73,iDnes.cz 100% Corpus,1,10,100,1,2,20,0.0,0,0.3695752603792553,7.383143602488389e-12,0.3624127168795215,1.9817579296968303e-11,8.78186968838527,0.0045101478326234
74,iDnes.cz 100% Corpus,1,5,50,8,5,20,0.1,0,0.5537886516142259,6.540889061874943e-26,0.5495620989714012,1.8195548787928823e-25,13.59773371104816,0.0309869931140015
75,iDnes.cz 100% Corpus,1,5,50,1,0,25,0.1,0,0.3403565704998397,2.7704893009341633e-10,0.3323086973045674,7.619100818835704e-10,7.64872521246459,0.0037401574803149
76,iDnes.cz 100% Corpus,1,15,250,16,5,25,0.1,0,0.571421673520334,7.797231450842974e-28,0.5797177825495384,8.833517736487721e-29,13.59773371104816,0.0225707727620505
77,iDnes.cz 100% Corpus,1,15,158,20,0,30,0.0,0,0.5798975057627211,1.1010989747620237e-30,0.5790216228315747,1.4125033472658599e-30,7.64872521246459,0.0214566929133858
79,iDnes.cz 100% Corpus,1,5,250,12,2,25,0.1,0,0.557815111307425,9.971682354207928e-28,0.5409321204751332,7.216844848443693e-26,8.78186968838527,0.0185417188674517
80,iDnes.cz 100% Corpus,1,10,250,2,3,25,1e-05,0,0.3199715767678383,5.916869097288242e-09,0.3548160910092158,8.309669635769732e-11,10.48158640226629,0.0171851851851851
81,iDnes.cz 100% Corpus,0,15,158,5,1,25,0.1,0,0.0756817208087127,0.1728270508166401,0.0135084315346281,0.8080245233634342,7.64872521246459,0.0
82,iDnes.cz 100% Corpus,0,15,300,5,0,20,0.1,0,0.1128938536330329,0.041646184196462,0.0598987348223975,0.2808936089211437,7.64872521246459,0.0
83,iDnes.cz 100% Corpus,1,15,100,5,3,25,0.0001,0,0.5419181165386437,1.6204873853021697e-25,0.5400052728724454,2.5741793980927426e-25,10.48158640226629,0.0275555555555555
84,iDnes.cz 100% Corpus,0,5,100,4,2,25,0.01,0,0.0531603238629307,0.3416598759439638,0.0142361341063758,0.7991265079548873,8.78186968838527,0.0
85,iDnes.cz 100% Corpus,0,10,250,20,1,30,0.1,0,0.1295483004409854,0.019286862952128,0.0572389933894823,0.3028447197835996,7.64872521246459,0.0
86,iDnes.cz 100% Corpus,0,10,158,1,3,25,1e-05,0,0.0931378075358092,0.098394612493522,0.0224253639073836,0.6912847603389536,10.48158640226629,0.0
88,iDnes.cz 100% Corpus,0,5,450,12,12,30,0.1,0,0.112638706412915,0.0650835448674345,0.0435797756532392,0.4766064713428731,23.79603399433428,0.0
90,iDnes.cz 100% Corpus,1,5,450,12,8,20,0.001,0,0.5610211661156581,3.3953591037136326e-25,0.5513789963691694,3.1581550230064414e-24,18.69688385269122,0.0227502527805864
91,iDnes.cz 100% Corpus,0,15,300,8,3,20,0.01,0,0.1300240053319067,0.0207765432537697,0.1005042688258398,0.0744167514523903,10.48158640226629,0.0
92,iDnes.cz 100% Corpus,0,10,100,4,8,20,0.0,0,-0.0618906722064453,0.29605960907587,-0.1237656927678623,0.0361143960349587,18.69688385269122,0.0
93,iDnes.cz 100% Corpus,0,10,200,8,3,30,0.001,0,0.0538772921142466,0.3397588807550694,-0.0134839310247202,0.8112943539584446,10.48158640226629,0.0
95,iDnes.cz 100% Corpus,1,10,200,2,8,20,0.1,0,0.4338475040177798,1.3340928662104671e-14,0.4416874740304284,3.9097351749444496e-15,18.69688385269122,0.0166835187057633
97,iDnes.cz 100% Corpus,0,5,200,12,0,30,0.01,0,0.0499266267853033,0.36889420143628,-0.002261594177135,0.9675531200432634,7.64872521246459,0.0
98,iDnes.cz 100% Corpus,1,15,250,1,2,30,1e-05,0,0.4597556576529871,3.0259860137652887e-18,0.4600440145939986,2.8656841217065885e-18,8.78186968838527,0.022801302931596
101,iDnes.cz 100% Corpus,1,15,50,1,3,30,0.01,0,0.3558360881394685,7.274909241418102e-11,0.339471920572057,5.805699989956093e-10,10.48158640226629,0.0062222222222222
102,iDnes.cz 100% Corpus,0,15,300,12,0,20,0.0001,0,0.1128938536330329,0.041646184196462,0.0598987348223975,0.2808936089211437,7.64872521246459,0.0
103,iDnes.cz 100% Corpus,1,10,300,1,2,30,0.0001,0,0.386928871380441,6.087692243744326e-13,0.3892100189262998,4.336688875033376e-13,8.78186968838527,0.0020045101478326
104,iDnes.cz 100% Corpus,1,10,250,20,3,20,0.0001,0,0.597956729024574,5.06478216003652e-32,0.5936616663266499,1.7728677764074063e-31,10.48158640226629,0.0257777777777777
107,iDnes.cz 100% Corpus,1,15,200,5,2,20,0.001,0,0.4937819551920827,3.39919555950614e-21,0.5091627568459705,1.2194689055008624e-22,8.78186968838527,0.0240541217739914
109,iDnes.cz 100% Corpus,1,5,200,2,2,20,0.01,0,0.3911631481221969,3.2369489712782546e-13,0.4083405766983539,2.2710230201347363e-14,8.78186968838527,0.0067652217489351
111,iDnes.cz 100% Corpus,1,5,450,2,0,20,1e-05,0,0.0111869984574234,0.8405289346027395,0.092282714018166,0.0962406496129269,7.64872521246459,0.0059055118110236
113,iDnes.cz 100% Corpus,1,5,158,1,1,25,0.01,0,0.3839821665470618,6.790213124066425e-13,0.3692184546057451,5.753882976178532e-12,7.64872521246459,0.0011811023622047
115,iDnes.cz 100% Corpus,0,15,300,12,2,30,0.01,0,0.0619701859585274,0.2675351845448125,-0.0048421259023415,0.9310280625726276,8.78186968838527,0.0
119,iDnes.cz 100% Corpus,1,15,100,2,1,25,0.001,0,0.3975308329684905,8.672003057675755e-14,0.4129490164605993,7.415741645612949e-15,7.64872521246459,0.0084645669291338
120,iDnes.cz 100% Corpus,1,5,250,12,3,25,0.001,0,0.5561371711630032,4.7261222042727056e-27,0.545037407781039,7.570342284789096e-26,10.48158640226629,0.0195555555555555
121,iDnes.cz 100% Corpus,0,10,200,8,1,30,0.001,0,0.0499266267853033,0.36889420143628,-0.002261594177135,0.9675531200432634,7.64872521246459,0.0
122,iDnes.cz 100% Corpus,1,5,250,12,8,30,0.01,0,0.5638002131485256,1.7612842685817758e-25,0.5657625645323822,1.1038786935973122e-25,18.69688385269122,0.0273003033367037
123,iDnes.cz 100% Corpus,0,5,450,16,5,30,0.01,0,0.0439318924887473,0.4445953597574844,-0.0622956359628671,0.2781285605431332,13.59773371104816,0.0
124,iDnes.cz 100% Corpus,1,10,158,20,1,30,0.0,0,0.565050111292501,6.794857356775604e-29,0.5601918034203229,2.503929424589717e-28,7.64872521246459,0.0171259842519685
125,iDnes.cz 100% Corpus,0,5,450,1,2,20,0.1,0,0.0729609533066252,0.191590982263554,-0.0015800753788882,0.9774681889383904,8.78186968838527,0.0
127,iDnes.cz 100% Corpus,1,15,100,2,0,25,0.001,0,0.419277415734676,2.6039165231422386e-15,0.4296287714175183,4.479649606653244e-16,7.64872521246459,0.0074803149606299
128,iDnes.cz 100% Corpus,0,5,158,8,1,20,0.001,0,0.0756817208087127,0.1728270508166401,0.0135084315346281,0.8080245233634342,7.64872521246459,0.0
129,iDnes.cz 100% Corpus,1,10,200,1,0,20,0.0,0,0.3521484650178122,5.965334561989706e-11,0.3400129073178938,2.8945268624824655e-10,7.64872521246459,0.0013779527559055
131,iDnes.cz 100% Corpus,1,15,250,16,1,25,0.001,0,0.5719490707502167,1.0270009112096772e-29,0.56773876345181,3.2708801229714116e-29,7.64872521246459,0.0187007874015748
132,iDnes.cz 100% Corpus,1,10,100,5,1,20,0.0,0,0.4880181442243124,6.538938944171133e-21,0.4995251760654637,5.601286175384592e-22,7.64872521246459,0.0155511811023622
133,iDnes.cz 100% Corpus,1,5,50,4,1,30,0.01,0,0.5029494198853962,2.6475281210381223e-22,0.516928315575403,1.136417282494366e-23,7.64872521246459,0.014763779527559
134,iDnes.cz 100% Corpus,1,5,50,8,2,30,0.01,0,0.5827914057545114,1.1097809520438106e-30,0.5735215345995035,1.4822927298612266e-29,8.78186968838527,0.0167877724880982
135,iDnes.cz 100% Corpus,1,10,100,5,0,20,0.001,0,0.4803126088629907,3.2208002004309736e-20,0.4909872640559103,3.499312230733222e-21,7.64872521246459,0.0200787401574803
136,iDnes.cz 100% Corpus,1,5,200,2,12,25,1e-05,0,0.3757489795385111,1.9032758825351158e-10,0.3966805168616398,1.4292633131677056e-11,23.79603399433428,0.0203804347826086
137,iDnes.cz 100% Corpus,0,10,158,2,0,25,0.1,0,0.0756817208087127,0.1728270508166401,0.0135084315346281,0.8080245233634342,7.64872521246459,0.0
138,iDnes.cz 100% Corpus,0,15,50,16,5,30,0.0001,0,0.0774376782276058,0.1773806233740311,0.071132325332181,0.2154412658337266,13.59773371104816,0.0
139,iDnes.cz 100% Corpus,1,5,200,12,3,25,0.1,0,0.5594097784254415,2.044862980799563e-27,0.5503425983776898,2.0368932536936755e-26,10.48158640226629,0.0231111111111111
140,iDnes.cz 100% Corpus,0,5,300,1,3,25,1e-05,0,0.1300240053319067,0.0207765432537697,0.1005042688258398,0.0744167514523903,10.48158640226629,0.0
142,iDnes.cz 100% Corpus,0,5,250,12,0,25,0.001,0,0.1295483004409854,0.019286862952128,0.0572389933894823,0.3028447197835996,7.64872521246459,0.0
143,iDnes.cz 100% Corpus,0,15,450,8,12,25,0.001,0,0.112638706412915,0.0650835448674345,0.0435797756532392,0.4766064713428731,23.79603399433428,0.0
144,iDnes.cz 100% Corpus,1,10,100,8,1,20,0.01,0,0.535398106947921,1.4103310153720014e-25,0.5311384838131287,3.975260604414048e-25,7.64872521246459,0.0206692913385826
146,iDnes.cz 100% Corpus,1,15,100,12,0,20,1e-05,0,0.350452366033349,7.469345432858467e-11,0.3582294864365324,2.6346357172538423e-11,7.64872521246459,0.0072834645669291
148,iDnes.cz 100% Corpus,0,10,200,5,2,25,1e-05,0,0.1324476042686683,0.0174101441074306,0.1065280278733131,0.0561872933318611,8.78186968838527,0.0
149,iDnes.cz 100% Corpus,1,5,200,12,12,30,0.0001,0,0.5875942430057219,2.294910528764323e-26,0.5870526656095643,2.614955803656368e-26,23.79603399433428,0.0373641304347826
150,iDnes.cz 100% Corpus,1,10,50,16,2,20,0.1,0,0.5729110147200098,1.7531714278633557e-29,0.5643431872752084,1.7819260288538482e-28,8.78186968838527,0.0142821348033074
152,iDnes.cz 100% Corpus,0,5,450,20,2,25,1e-05,0,0.0729609533066252,0.191590982263554,-0.0015800753788882,0.9774681889383904,8.78186968838527,0.0
153,iDnes.cz 100% Corpus,1,10,158,5,8,20,0.1,0,0.523014642712689,1.492769914662476e-21,0.5290104793015157,4.260441036838672e-22,18.69688385269122,0.0207280080889787
154,iDnes.cz 100% Corpus,1,5,250,20,8,25,0.0001,0,0.594289770440677,8.590493964741038e-29,0.5981554158969492,3.0806223373454285e-29,18.69688385269122,0.0434782608695652
156,iDnes.cz 100% Corpus,1,10,200,5,1,25,0.001,0,0.4975144120063345,8.663534973300725e-22,0.5041747878632828,2.0206262052213061e-22,7.64872521246459,0.014763779527559
157,iDnes.cz 100% Corpus,0,15,200,1,8,30,0.01,0,0.0556721725475257,0.3473409797874592,-0.0304620978262301,0.607302481233335,18.69688385269122,0.0
159,iDnes.cz 100% Corpus,1,15,200,2,12,25,0.0,0,0.410425312063313,2.3581894830705546e-12,0.4104016513638441,2.3656844740049944e-12,23.79603399433428,0.0081521739130434
161,iDnes.cz 100% Corpus,0,5,450,20,12,20,0.1,0,0.112638706412915,0.0650835448674345,0.0435797756532392,0.4766064713428731,23.79603399433428,0.0
162,iDnes.cz 100% Corpus,1,5,450,1,12,30,0.0001,0,0.3485321529431986,4.229105925389881e-09,0.338154312755075,1.279524544000448e-08,23.79603399433428,0.0033967391304347
164,iDnes.cz 100% Corpus,1,15,200,20,5,30,0.01,0,0.5551827855622518,4.652469271091007e-26,0.5734359212152288,4.621331444218953e-28,13.59773371104816,0.0229533282325937
167,iDnes.cz 100% Corpus,1,5,450,5,5,30,0.1,0,0.5071100970226853,2.467828418008517e-21,0.5208213938207295,1.3201849766601345e-22,13.59773371104816,0.0179801071155317
168,iDnes.cz 100% Corpus,1,5,450,16,0,25,0.1,0,0.5521318171570506,2.080034241592356e-27,0.537328729794254,8.774706518692544e-26,7.64872521246459,0.0169291338582677
169,iDnes.cz 100% Corpus,0,10,100,5,12,20,1e-05,0,0.097641017029979,0.1100887699542313,0.0703377295453235,0.2502770105284103,23.79603399433428,0.0
171,iDnes.cz 100% Corpus,0,5,158,1,1,25,0.0001,0,0.0756817208087127,0.1728270508166401,0.0135084315346281,0.8080245233634342,7.64872521246459,0.0
172,iDnes.cz 100% Corpus,1,10,50,20,0,25,0.001,0,0.5626751883991206,1.2889737653193582e-28,0.5597934829817433,2.783883098081178e-28,7.64872521246459,0.0179133858267716
173,iDnes.cz 100% Corpus,1,5,200,16,8,25,0.01,0,0.5660188978117381,1.0382847070559266e-25,0.5668778177264735,8.452787444378536e-26,18.69688385269122,0.0338725985844287
174,iDnes.cz 100% Corpus,0,10,100,20,12,30,1e-05,0,0.097641017029979,0.1100887699542313,0.0703377295453235,0.2502770105284103,23.79603399433428,0.0
176,iDnes.cz 100% Corpus,1,5,100,12,0,25,0.1,0,0.5484083498051595,5.4259044179926634e-27,0.5319449961098527,3.270719182978329e-25,7.64872521246459,0.01751968503937
177,iDnes.cz 100% Corpus,0,10,300,12,8,30,0.0001,0,0.0889400372731003,0.1328017894763796,-0.0057069795332598,0.9233131167457344,18.69688385269122,0.0
180,iDnes.cz 100% Corpus,0,10,450,4,2,30,0.001,0,0.0729609533066252,0.191590982263554,-0.0015800753788882,0.9774681889383904,8.78186968838527,0.0
181,iDnes.cz 100% Corpus,0,5,200,5,2,20,0.0001,0,0.1324476042686683,0.0174101441074306,0.1065280278733131,0.0561872933318611,8.78186968838527,0.0
182,iDnes.cz 100% Corpus,0,10,100,5,5,20,1e-05,0,0.0621723801727753,0.2790823879748227,-0.024006628468973,0.6762422176566585,13.59773371104816,0.0
183,iDnes.cz 100% Corpus,0,15,300,2,3,30,0.01,0,0.1300240053319067,0.0207765432537697,0.1005042688258398,0.0744167514523903,10.48158640226629,0.0
184,iDnes.cz 100% Corpus,0,5,200,16,12,25,0.1,0,0.1069304571000313,0.0800069993128308,0.0534295977700014,0.3827429894629063,23.79603399433428,0.0
185,iDnes.cz 100% Corpus,1,5,450,5,8,30,0.0001,0,0.5527633210123678,2.303057617200823e-24,0.5583085918869396,6.4054819110071205e-25,18.69688385269122,0.0338725985844287
188,iDnes.cz 100% Corpus,0,10,100,8,3,25,0.001,0,0.1813478887825036,0.0012044551783315,0.1292230339223757,0.0215813065198326,10.48158640226629,0.0
189,iDnes.cz 100% Corpus,1,10,100,1,3,20,0.001,0,0.3585109394439214,5.121361004724638e-11,0.3548377681320839,8.286258148729264e-11,10.48158640226629,0.0038518518518518
192,iDnes.cz 100% Corpus,0,15,50,2,2,20,0.01,0,0.1416429403095265,0.0109387571690379,0.1203801058963536,0.0308034646995239,8.78186968838527,0.0
193,iDnes.cz 100% Corpus,0,5,158,20,0,20,1e-05,0,0.0756817208087127,0.1728270508166401,0.0135084315346281,0.8080245233634342,7.64872521246459,0.0
195,iDnes.cz 100% Corpus,0,10,50,8,3,30,0.0001,0,0.0844160987028768,0.1343047067016611,0.0733692647500747,0.193318086857849,10.48158640226629,0.0
196,iDnes.cz 100% Corpus,0,15,450,20,5,20,0.001,0,0.0439318924887473,0.4445953597574844,-0.0622956359628671,0.2781285605431332,13.59773371104816,0.0
197,iDnes.cz 100% Corpus,0,10,200,8,8,20,0.001,0,0.0556721725475257,0.3473409797874592,-0.0304620978262301,0.607302481233335,18.69688385269122,0.0
199,iDnes.cz 100% Corpus,1,5,450,8,1,20,0.1,0,0.5118271639683162,3.645905760959585e-23,0.5044182828792145,1.9147401957027038e-22,7.64872521246459,0.0145669291338582
201,iDnes.cz 100% Corpus,1,15,100,5,1,25,0.0,0,0.4987319962553656,6.655062953738415e-22,0.5191201170843869,6.845076604076735e-24,7.64872521246459,0.0177165354330708
202,iDnes.cz 100% Corpus,1,10,50,8,0,20,1e-05,0,0.2558202915224158,2.8784665724334644e-06,0.2854620573404254,1.5724561898561958e-07,7.64872521246459,0.0074803149606299
203,iDnes.cz 100% Corpus,0,10,100,1,12,30,1e-05,0,0.097641017029979,0.1100887699542313,0.0703377295453235,0.2502770105284103,23.79603399433428,0.0
205,iDnes.cz 100% Corpus,0,15,50,1,8,20,0.0,0,0.0291660840528775,0.6226817735264566,-0.0137569044999875,0.8164986911402013,18.69688385269122,0.0
206,iDnes.cz 100% Corpus,1,5,158,5,2,30,0.1,0,0.5295980198134755,1.1197418377804346e-24,0.526163124278402,2.5189555129157662e-24,8.78186968838527,0.0207967927837634
208,iDnes.cz 100% Corpus,0,15,250,12,2,25,0.0,0,0.0790793611566303,0.1568552035718655,0.0091860751724858,0.8695731939437005,8.78186968838527,0.0
209,iDnes.cz 100% Corpus,0,15,50,16,8,25,0.0,0,0.0291660840528775,0.6226817735264566,-0.0137569044999875,0.8164986911402013,18.69688385269122,0.0
210,iDnes.cz 100% Corpus,0,5,450,5,1,25,0.01,0,0.1260444334169305,0.0228379425911699,0.0649645048871327,0.2421236766637167,7.64872521246459,0.0
212,iDnes.cz 100% Corpus,0,5,158,4,0,25,0.1,0,0.0756817208087127,0.1728270508166401,0.0135084315346281,0.8080245233634342,7.64872521246459,0.0
213,iDnes.cz 100% Corpus,0,5,100,16,1,20,0.001,0,0.0540506376206531,0.3306167193936211,0.0076816962494066,0.8901092867469114,7.64872521246459,0.0
214,iDnes.cz 100% Corpus,0,15,200,4,2,30,0.001,0,0.1324476042686683,0.0174101441074306,0.1065280278733131,0.0561872933318611,8.78186968838527,0.0
215,iDnes.cz 100% Corpus,1,5,250,1,0,30,0.1,0,0.3760883571391146,2.157467407856297e-12,0.3518026727514508,6.245828743418427e-11,7.64872521246459,0.0003937007874015
216,iDnes.cz 100% Corpus,0,15,300,5,0,30,0.001,0,0.1128938536330329,0.041646184196462,0.0598987348223975,0.2808936089211437,7.64872521246459,0.0
217,iDnes.cz 100% Corpus,0,10,200,16,8,30,0.0001,0,0.0556721725475257,0.3473409797874592,-0.0304620978262301,0.607302481233335,18.69688385269122,0.0
218,iDnes.cz 100% Corpus,1,10,300,12,1,25,0.0001,0,0.5726279156048786,8.506992030721234e-30,0.5573235498969513,5.354147781888461e-28,7.64872521246459,0.0173228346456692
219,iDnes.cz 100% Corpus,0,5,300,20,1,20,0.01,0,0.1128938536330329,0.041646184196462,0.0598987348223975,0.2808936089211437,7.64872521246459,0.0
220,iDnes.cz 100% Corpus,0,5,200,1,5,25,0.0001,0,0.0424996402345603,0.4595968546678502,0.0105995439757035,0.8537324891991671,13.59773371104816,0.0
224,iDnes.cz 100% Corpus,1,5,250,8,5,20,0.0,0,0.5597347754394204,1.5126184847948794e-26,0.5537425344151526,6.614836901788654e-26,13.59773371104816,0.0263963274674827
226,iDnes.cz 100% Corpus,0,10,158,5,3,25,0.0,0,0.0931378075358092,0.098394612493522,0.0224253639073836,0.6912847603389536,10.48158640226629,0.0
227,iDnes.cz 100% Corpus,1,10,450,16,8,25,0.001,0,0.5525674197636914,2.4085140578695724e-24,0.5532638098009679,2.053856436552204e-24,18.69688385269122,0.0303336703741152
229,iDnes.cz 100% Corpus,1,5,200,12,0,20,0.01,0,0.5316151749463354,3.542563934407185e-25,0.5144256509415277,2.0182805819570761e-23,7.64872521246459,0.0141732283464566
231,iDnes.cz 100% Corpus,1,5,158,16,1,20,0.01,0,0.5470981780567465,7.581532454885847e-27,0.531624088382597,3.5349324396039773e-25,7.64872521246459,0.0124015748031496
232,iDnes.cz 100% Corpus,0,15,100,1,8,20,1e-05,0,-0.0618906722064453,0.29605960907587,-0.1237656927678623,0.0361143960349587,18.69688385269122,0.0
233,iDnes.cz 100% Corpus,0,10,300,5,2,20,1e-05,0,0.0619701859585274,0.2675351845448125,-0.0048421259023415,0.9310280625726276,8.78186968838527,0.0
234,iDnes.cz 100% Corpus,0,5,100,5,12,30,0.1,0,0.097641017029979,0.1100887699542313,0.0703377295453235,0.2502770105284103,23.79603399433428,0.0
235,iDnes.cz 100% Corpus,0,15,250,8,12,25,0.001,0,0.1528645041596007,0.012064251071165,0.0785300911400281,0.199150671582968,23.79603399433428,0.0
237,iDnes.cz 100% Corpus,1,5,250,4,0,20,0.0001,0,0.4735421403955096,1.2650884189219892e-19,0.4827222881381838,1.9646960058750966e-20,7.64872521246459,0.0096456692913385
240,iDnes.cz 100% Corpus,1,15,450,16,5,30,0.01,0,0.5592861374980086,1.6910456621674354e-26,0.5807074849917055,6.784121997429537e-29,13.59773371104816,0.0233358837031369
242,iDnes.cz 100% Corpus,0,15,158,12,8,25,0.1,0,0.0042934959489526,0.9422681983934234,-0.0757098032010714,0.2009519615011809,18.69688385269122,0.0
243,iDnes.cz 100% Corpus,0,15,250,8,0,20,1e-05,0,0.1295483004409854,0.019286862952128,0.0572389933894823,0.3028447197835996,7.64872521246459,0.0
244,iDnes.cz 100% Corpus,0,15,300,16,1,25,0.01,0,0.1128938536330329,0.041646184196462,0.0598987348223975,0.2808936089211437,7.64872521246459,0.0
245,iDnes.cz 100% Corpus,1,15,158,16,2,30,0.0001,0,0.600329799107234,6.517422493230926e-33,0.6032050980867898,2.7230818879275872e-33,8.78186968838527,0.0285642696066148
246,iDnes.cz 100% Corpus,0,10,50,4,3,30,1e-05,0,0.0844160987028768,0.1343047067016611,0.0733692647500747,0.193318086857849,10.48158640226629,0.0
248,iDnes.cz 100% Corpus,1,15,100,12,2,25,0.01,0,0.5726584358061392,1.8790376852480905e-29,0.563775639726695,2.0728527477863947e-28,8.78186968838527,0.0223001753946379
249,iDnes.cz 100% Corpus,1,15,250,16,5,25,0.001,0,0.5595131559554095,1.5983068647887172e-26,0.5671851466883973,2.3157212170081704e-27,13.59773371104816,0.0229533282325937
250,iDnes.cz 100% Corpus,0,10,300,2,0,20,1e-05,0,0.1128938536330329,0.041646184196462,0.0598987348223975,0.2808936089211437,7.64872521246459,0.0
252,iDnes.cz 100% Corpus,1,10,300,1,8,30,0.001,0,0.2642729272113886,5.666339898067761e-06,0.2342501261166946,6.148907368446174e-05,18.69688385269122,0.0015166835187057
254,iDnes.cz 100% Corpus,0,10,450,1,8,25,0.001,0,0.0767074011263325,0.1950635503624387,0.0053638247043087,0.9279113189880518,18.69688385269122,0.0
256,iDnes.cz 100% Corpus,1,5,250,12,12,30,0.001,0,0.5412285116597636,7.1524414814987055e-22,0.5460295158759728,2.6369438977251027e-22,23.79603399433428,0.0285326086956521
257,iDnes.cz 100% Corpus,1,10,100,20,8,25,0.1,0,0.5429159407870567,2.1089639674506576e-23,0.5635536322273805,1.8673713572384132e-25,18.69688385269122,0.0328614762386248
260,iDnes.cz 100% Corpus,0,15,200,12,2,30,0.1,0,0.1324476042686683,0.0174101441074306,0.1065280278733131,0.0561872933318611,8.78186968838527,0.0
261,iDnes.cz 100% Corpus,1,5,450,5,12,25,1e-05,0,0.4649934465880816,7.76543720929763e-16,0.4596587764489708,1.8144954195495417e-15,23.79603399433428,0.015625
262,iDnes.cz 100% Corpus,0,15,450,4,1,20,0.01,0,0.1260444334169305,0.0228379425911699,0.0649645048871327,0.2421236766637167,7.64872521246459,0.0
265,iDnes.cz 100% Corpus,0,15,158,20,2,25,1e-05,0,0.0503922996113609,0.3674215775698601,0.0291591481147207,0.6021451126749604,8.78186968838527,0.0
268,iDnes.cz 100% Corpus,1,10,100,8,1,25,0.0,0,0.5496442406091021,3.95218744598419e-27,0.5458759936749739,1.0344528813241484e-26,7.64872521246459,0.0244094488188976
269,iDnes.cz 100% Corpus,0,10,300,5,1,20,0.0001,0,0.1128938536330329,0.041646184196462,0.0598987348223975,0.2808936089211437,7.64872521246459,0.0
271,iDnes.cz 100% Corpus,0,10,450,1,2,25,0.0001,0,0.0729609533066252,0.191590982263554,-0.0015800753788882,0.9774681889383904,8.78186968838527,0.0
272,iDnes.cz 100% Corpus,1,5,100,8,12,25,0.1,0,0.5486678077802417,1.5135036312124228e-22,0.5509920334405266,9.242653059353296e-23,23.79603399433428,0.029891304347826
274,iDnes.cz 100% Corpus,0,15,300,2,2,20,0.01,0,0.0619701859585274,0.2675351845448125,-0.0048421259023415,0.9310280625726276,8.78186968838527,0.0
275,iDnes.cz 100% Corpus,0,5,158,4,1,20,0.01,0,0.0756817208087127,0.1728270508166401,0.0135084315346281,0.8080245233634342,7.64872521246459,0.0
276,iDnes.cz 100% Corpus,1,15,200,16,1,30,0.1,0,0.569837099003177,1.8400744884346413e-29,0.5604358179846526,2.34635495149834e-28,7.64872521246459,0.0244094488188976
277,iDnes.cz 100% Corpus,0,10,200,16,12,20,0.0,0,0.1069304571000313,0.0800069993128308,0.0534295977700014,0.3827429894629063,23.79603399433428,0.0
279,iDnes.cz 100% Corpus,1,5,50,5,12,25,1e-05,0,0.5199878440075921,4.907499157243439e-20,0.4947659912115132,5.13823146697521e-18,23.79603399433428,0.0244565217391304
281,iDnes.cz 100% Corpus,1,10,50,16,12,20,0.0,0,0.5706210961760814,1.2257923636131979e-24,0.5687087050985634,1.8917283293765647e-24,23.79603399433428,0.0441576086956521
282,iDnes.cz 100% Corpus,1,10,200,20,1,20,0.0001,0,0.5720985978197357,9.853044196791776e-30,0.5626253681172447,1.3063310231298429e-28,7.64872521246459,0.0163385826771653
283,iDnes.cz 100% Corpus,0,10,300,2,8,20,0.1,0,0.0889400372731003,0.1328017894763796,-0.0057069795332598,0.9233131167457344,18.69688385269122,0.0
284,iDnes.cz 100% Corpus,1,5,250,12,12,30,0.001,0,0.5412285116597636,7.1524414814987055e-22,0.5460295158759728,2.6369438977251027e-22,23.79603399433428,0.0285326086956521
285,iDnes.cz 100% Corpus,1,10,100,20,8,25,0.1,0,0.5429159407870567,2.1089639674506576e-23,0.5635536322273805,1.8673713572384132e-25,18.69688385269122,0.0328614762386248
286,iDnes.cz 100% Corpus,0,5,300,16,12,30,0.01,0,0.1303895533057769,0.0325392087331584,0.0475783953095777,0.4370702612013544,23.79603399433428,0.0
288,iDnes.cz 100% Corpus,0,15,200,12,2,30,0.1,0,0.1324476042686683,0.0174101441074306,0.1065280278733131,0.0561872933318611,8.78186968838527,0.0
289,iDnes.cz 100% Corpus,1,5,450,5,12,25,1e-05,0,0.4649934465880816,7.76543720929763e-16,0.4596587764489708,1.8144954195495417e-15,23.79603399433428,0.015625
290,iDnes.cz 100% Corpus,0,15,450,4,1,20,0.01,0,0.1260444334169305,0.0228379425911699,0.0649645048871327,0.2421236766637167,7.64872521246459,0.0
291,iDnes.cz 100% Corpus,1,5,50,20,8,20,0.01,0,0.58376310900805,1.3089045230512163e-27,0.5861188541710972,7.176718083840515e-28,18.69688385269122,0.0338725985844287
292,iDnes.cz 100% Corpus,1,15,200,8,2,20,1e-05,0,0.3010081474771605,3.615487671685193e-08,0.3243072366036248,2.543006909792991e-09,8.78186968838527,0.0072663492858932
294,iDnes.cz 100% Corpus,0,5,450,12,12,30,0.0001,0,0.112638706412915,0.0650835448674345,0.0435797756532392,0.4766064713428731,23.79603399433428,0.0
296,iDnes.cz 100% Corpus,1,10,100,8,1,25,0.0,0,0.5496442406091021,3.95218744598419e-27,0.5458759936749739,1.0344528813241484e-26,7.64872521246459,0.0244094488188976
298,iDnes.cz 100% Corpus,1,15,50,5,5,30,0.001,0,0.5227431381466202,8.664767108352025e-23,0.5271850959339107,3.240204487352781e-23,13.59773371104816,0.021805661820964
299,iDnes.cz 100% Corpus,0,10,450,1,2,25,0.0001,0,0.0729609533066252,0.191590982263554,-0.0015800753788882,0.9774681889383904,8.78186968838527,0.0
300,iDnes.cz 100% Corpus,1,5,100,8,12,25,0.1,0,0.5486678077802417,1.5135036312124228e-22,0.5509920334405266,9.242653059353296e-23,23.79603399433428,0.029891304347826
301,iDnes.cz 100% Corpus,0,15,158,12,2,25,1e-05,0,0.0503922996113609,0.3674215775698601,0.0291591481147207,0.6021451126749604,8.78186968838527,0.0
302,iDnes.cz 100% Corpus,0,15,300,2,2,20,0.01,0,0.0619701859585274,0.2675351845448125,-0.0048421259023415,0.9310280625726276,8.78186968838527,0.0
303,iDnes.cz 100% Corpus,0,5,158,4,1,20,0.01,0,0.0756817208087127,0.1728270508166401,0.0135084315346281,0.8080245233634342,7.64872521246459,0.0
304,iDnes.cz 100% Corpus,1,15,200,16,1,30,0.1,0,0.569837099003177,1.8400744884346413e-29,0.5604358179846526,2.34635495149834e-28,7.64872521246459,0.0244094488188976
305,iDnes.cz 100% Corpus,0,10,200,16,12,20,0.0,0,0.1069304571000313,0.0800069993128308,0.0534295977700014,0.3827429894629063,23.79603399433428,0.0
306,iDnes.cz 100% Corpus,1,5,450,16,0,25,0.001,0,0.5690829269163022,2.2637754648315881e-29,0.5561313595060026,7.327319866201801e-28,7.64872521246459,0.014763779527559
307,iDnes.cz 100% Corpus,1,5,50,5,12,25,1e-05,0,0.5199878440075921,4.907499157243439e-20,0.4947659912115132,5.13823146697521e-18,23.79603399433428,0.0244565217391304
308,iDnes.cz 100% Corpus,1,5,450,4,8,25,0.001,0,0.4915097528099202,7.3277347820876645e-19,0.5052091892978935,5.3578481841336204e-20,18.69688385269122,0.018705763397371
309,iDnes.cz 100% Corpus,1,10,50,16,12,20,0.0,0,0.5706210961760814,1.2257923636131979e-24,0.5687087050985634,1.8917283293765647e-24,23.79603399433428,0.0441576086956521
310,iDnes.cz 100% Corpus,1,10,200,20,1,20,0.0001,0,0.5720985978197357,9.853044196791776e-30,0.5626253681172447,1.3063310231298429e-28,7.64872521246459,0.0163385826771653
312,iDnes.cz 100% Corpus,1,5,50,5,3,25,0.001,0,0.5342524677562026,1.0172976616300096e-24,0.5365055584304613,5.957568995574207e-25,10.48158640226629,0.0296296296296296
313,iDnes.cz 100% Corpus,0,15,200,4,0,20,0.0001,0,0.0499266267853033,0.36889420143628,-0.002261594177135,0.9675531200432634,7.64872521246459,0.0
314,iDnes.cz 100% Corpus,0,5,250,5,1,20,0.001,0,0.1295483004409854,0.019286862952128,0.0572389933894823,0.3028447197835996,7.64872521246459,0.0
316,iDnes.cz 100% Corpus,1,10,158,8,1,25,0.0001,0,0.5679998739132431,3.045606863651453e-29,0.554916482168335,1.0074654601527555e-27,7.64872521246459,0.0194881889763779
318,iDnes.cz 100% Corpus,1,5,450,12,8,20,0.01,0,0.5624873413572684,2.403418582895232e-25,0.5518234224827001,2.854163843299633e-24,18.69688385269122,0.0267947421638018
319,iDnes.cz 100% Corpus,1,10,158,4,2,25,0.1,0,0.4925940121664611,4.3650482293225816e-21,0.5045652263247329,3.3561839095997813e-22,8.78186968838527,0.0117764971185166
320,iDnes.cz 100% Corpus,0,5,300,4,12,30,0.01,0,0.1303895533057769,0.0325392087331584,0.0475783953095777,0.4370702612013544,23.79603399433428,0.0
321,iDnes.cz 100% Corpus,0,5,158,5,8,30,0.0,0,0.0042934959489526,0.9422681983934234,-0.0757098032010714,0.2009519615011809,18.69688385269122,0.0
322,iDnes.cz 100% Corpus,1,15,300,20,0,25,0.0001,0,0.5960311439028045,9.766436431117419e-33,0.591411120299393,3.8829991695815207e-32,7.64872521246459,0.0220472440944881
323,iDnes.cz 100% Corpus,1,10,300,1,12,25,0.0001,0,0.349319927136178,3.8817637898277824e-09,0.3469764292031483,5.005522454768597e-09,23.79603399433428,0.0040760869565217
324,iDnes.cz 100% Corpus,1,15,250,4,3,30,0.0001,0,0.5083084003203276,3.6463966585854383e-22,0.5313243457645997,2.027016315498155e-24,10.48158640226629,0.0142222222222222
325,iDnes.cz 100% Corpus,0,10,50,4,3,20,0.1,0,0.0844160987028768,0.1343047067016611,0.0733692647500747,0.193318086857849,10.48158640226629,0.0
326,iDnes.cz 100% Corpus,0,5,300,5,0,30,0.0,0,0.1128938536330329,0.041646184196462,0.0598987348223975,0.2808936089211437,7.64872521246459,0.0
327,iDnes.cz 100% Corpus,0,5,100,5,12,20,0.0001,0,0.097641017029979,0.1100887699542313,0.0703377295453235,0.2502770105284103,23.79603399433428,0.0
328,iDnes.cz 100% Corpus,1,5,100,1,12,30,0.001,0,0.3184794038123886,9.35716884433304e-08,0.3025005706528248,4.253388567446021e-07,23.79603399433428,0.0081521739130434
329,iDnes.cz 100% Corpus,1,10,100,4,3,25,0.001,0,0.4985378464371178,2.9416638825159136e-21,0.5135972130135618,1.144859962736474e-22,10.48158640226629,0.0171851851851851
330,iDnes.cz 100% Corpus,1,5,300,1,12,20,0.0,0,0.3267776509012189,4.11288876885831e-08,0.3177792926606935,1.0017838881392349e-07,23.79603399433428,0.0081521739130434
331,iDnes.cz 100% Corpus,0,15,200,16,12,25,0.01,0,0.1069304571000313,0.0800069993128308,0.0534295977700014,0.3827429894629063,23.79603399433428,0.0
333,iDnes.cz 100% Corpus,1,10,158,8,0,20,0.01,0,0.5220353236393468,3.467945692670149e-24,0.5132708680352458,2.6265603260836692e-23,7.64872521246459,0.0183070866141732
334,iDnes.cz 100% Corpus,0,5,50,20,5,25,0.0,0,0.0774376782276058,0.1773806233740311,0.071132325332181,0.2154412658337266,13.59773371104816,0.0
335,iDnes.cz 100% Corpus,0,15,50,1,2,20,1e-05,0,0.1416429403095265,0.0109387571690379,0.1203801058963536,0.0308034646995239,8.78186968838527,0.0
337,iDnes.cz 100% Corpus,1,10,50,16,12,25,1e-05,0,0.5823225159600788,8.094459266694837e-26,0.5550183956014189,3.897391996699288e-23,23.79603399433428,0.0373641304347826
338,iDnes.cz 100% Corpus,1,5,50,8,1,20,0.1,0,0.5180986477558596,8.673214028592484e-24,0.5157503261740037,1.490068556529245e-23,7.64872521246459,0.0163385826771653
339,iDnes.cz 100% Corpus,0,5,450,20,0,30,0.0,0,0.1260444334169305,0.0228379425911699,0.0649645048871327,0.2421236766637167,7.64872521246459,0.0
340,iDnes.cz 100% Corpus,0,15,50,5,8,20,0.1,0,0.0291660840528775,0.6226817735264566,-0.0137569044999875,0.8164986911402013,18.69688385269122,0.0
342,iDnes.cz 100% Corpus,1,10,300,2,12,25,1e-05,0,0.4455295974746971,1.601303951211584e-14,0.4568145532321164,2.8357059236201024e-15,23.79603399433428,0.0264945652173913
344,iDnes.cz 100% Corpus,0,15,250,20,5,30,0.0001,0,0.1028697657763498,0.0728246011303394,0.0504018657166375,0.3803921008917293,13.59773371104816,0.0
347,iDnes.cz 100% Corpus,1,5,158,8,0,30,0.0001,0,0.5738346395916877,6.0800468602595525e-30,0.5566905667652084,6.325602925111083e-28,7.64872521246459,0.0149606299212598
348,iDnes.cz 100% Corpus,1,10,50,12,1,30,0.0001,0,0.5866955667995724,1.5528597564988941e-31,0.5691077734809279,2.2483918751408077e-29,7.64872521246459,0.0196850393700787
349,iDnes.cz 100% Corpus,0,15,50,2,5,30,1e-05,0,0.0774376782276058,0.1773806233740311,0.071132325332181,0.2154412658337266,13.59773371104816,0.0
350,iDnes.cz 100% Corpus,0,10,158,20,0,30,1e-05,0,0.0756817208087127,0.1728270508166401,0.0135084315346281,0.8080245233634342,7.64872521246459,0.0
351,iDnes.cz 100% Corpus,0,5,200,20,12,25,0.1,0,0.1069304571000313,0.0800069993128308,0.0534295977700014,0.3827429894629063,23.79603399433428,0.0
353,iDnes.cz 100% Corpus,0,15,300,16,8,25,1e-05,0,0.0889400372731003,0.1328017894763796,-0.0057069795332598,0.9233131167457344,18.69688385269122,0.0
355,iDnes.cz 100% Corpus,0,5,158,2,1,25,0.01,0,0.0756817208087127,0.1728270508166401,0.0135084315346281,0.8080245233634342,7.64872521246459,0.0
356,iDnes.cz 100% Corpus,1,10,450,12,12,25,1e-05,0,0.5857643356397796,3.563818811375643e-26,0.5698381332839492,1.4645907158869103e-24,23.79603399433428,0.0400815217391304
357,iDnes.cz 100% Corpus,0,15,158,2,1,20,0.001,0,0.0756817208087127,0.1728270508166401,0.0135084315346281,0.8080245233634342,7.64872521246459,0.0
358,iDnes.cz 100% Corpus,0,10,250,5,1,25,1e-05,0,0.1295483004409854,0.019286862952128,0.0572389933894823,0.3028447197835996,7.64872521246459,0.0
361,iDnes.cz 100% Corpus,1,15,100,1,1,20,0.1,0,0.341007028592095,2.5497109576342e-10,0.3296118947525844,1.062438899707417e-09,7.64872521246459,0.001771653543307
362,iDnes.cz 100% Corpus,0,15,300,1,2,25,0.001,0,0.0619701859585274,0.2675351845448125,-0.0048421259023415,0.9310280625726276,8.78186968838527,0.0
364,iDnes.cz 100% Corpus,0,10,50,12,12,25,0.01,0,0.0595326702336432,0.3306902599804178,0.0539699601086972,0.3779423805645281,23.79603399433428,0.0
365,iDnes.cz 100% Corpus,0,5,300,12,3,20,0.0,0,0.1300240053319067,0.0207765432537697,0.1005042688258398,0.0744167514523903,10.48158640226629,0.0
366,iDnes.cz 100% Corpus,1,10,450,8,8,25,1e-05,0,0.538764888224853,5.2492481634652184e-23,0.5226737903521109,1.6018639335404624e-21,18.69688385269122,0.0217391304347826
367,iDnes.cz 100% Corpus,1,15,300,5,5,30,0.0001,0,0.5389007011562436,2.255306660397997e-24,0.5572544977606797,2.7959791211810625e-26,13.59773371104816,0.0256312165263963
369,iDnes.cz 100% Corpus,1,5,50,20,8,20,0.0001,0,0.6033746826183884,7.544792736194036e-30,0.593407594720647,1.083472979073227e-28,18.69688385269122,0.0257836198179979
370,iDnes.cz 100% Corpus,1,10,50,4,3,25,0.0,0,0.5341100803223521,1.0521438496190527e-24,0.5471553007152862,4.494917364025818e-26,10.48158640226629,0.0245925925925925
373,iDnes.cz 100% Corpus,0,10,50,2,0,25,1e-05,0,0.0833002203045056,0.1333925491741424,0.0468428299425556,0.3992377049804001,7.64872521246459,0.0
374,iDnes.cz 100% Corpus,0,10,300,20,3,30,0.0,0,0.1300240053319067,0.0207765432537697,0.1005042688258398,0.0744167514523903,10.48158640226629,0.0
375,iDnes.cz 100% Corpus,1,10,158,16,5,30,0.1,0,0.5609834094032361,1.1080633636988587e-26,0.5717955105648251,7.077761250945401e-28,13.59773371104816,0.0260137719969395
376,iDnes.cz 100% Corpus,1,15,250,1,5,25,1e-05,0,0.3849637972685588,3.265739571762432e-12,0.4164568483444613,3.1776972524973914e-14,13.59773371104816,0.0149196633511859
377,iDnes.cz 100% Corpus,0,5,100,20,5,30,0.01,0,0.0621723801727753,0.2790823879748227,-0.024006628468973,0.6762422176566585,13.59773371104816,0.0
378,iDnes.cz 100% Corpus,0,10,200,12,1,20,0.0001,0,0.0499266267853033,0.36889420143628,-0.002261594177135,0.9675531200432634,7.64872521246459,0.0
379,iDnes.cz 100% Corpus,1,10,200,12,3,25,0.0001,0,0.5907298485228156,4.125094620862366e-31,0.5875234277011846,1.0286919356470963e-30,10.48158640226629,0.0248888888888888
380,iDnes.cz 100% Corpus,0,15,300,1,1,30,0.0001,0,0.1128938536330329,0.041646184196462,0.0598987348223975,0.2808936089211437,7.64872521246459,0.0
381,iDnes.cz 100% Corpus,0,15,200,20,0,30,1e-05,0,0.0499266267853033,0.36889420143628,-0.002261594177135,0.9675531200432634,7.64872521246459,0.0
383,iDnes.cz 100% Corpus,0,10,100,5,8,25,1e-05,0,-0.0618906722064453,0.29605960907587,-0.1237656927678623,0.0361143960349587,18.69688385269122,0.0
385,iDnes.cz 100% Corpus,0,5,50,12,0,25,1e-05,0,0.0833002203045056,0.1333925491741424,0.0468428299425556,0.3992377049804001,7.64872521246459,0.0
386,iDnes.cz 100% Corpus,1,5,100,1,2,30,0.001,0,0.3803291788283948,1.6003676120548856e-12,0.3681483976935819,9.005643100764669e-12,8.78186968838527,0.0022550739163117
387,iDnes.cz 100% Corpus,0,5,200,5,8,25,0.0,0,0.0556721725475257,0.3473409797874592,-0.0304620978262301,0.607302481233335,18.69688385269122,0.0
389,iDnes.cz 100% Corpus,0,5,100,12,12,20,0.1,0,0.097641017029979,0.1100887699542313,0.0703377295453235,0.2502770105284103,23.79603399433428,0.0
392,iDnes.cz 100% Corpus,0,10,300,20,0,20,0.1,0,0.1128938536330329,0.041646184196462,0.0598987348223975,0.2808936089211437,7.64872521246459,0.0
393,iDnes.cz 100% Corpus,1,15,200,8,0,30,0.0,0,0.5462089557169967,9.506043240162163e-27,0.5455750019696473,1.1165071415585295e-26,7.64872521246459,0.0210629921259842
394,iDnes.cz 100% Corpus,1,10,450,8,2,30,0.0001,0,0.571159066230899,2.83235868742845e-29,0.5615036523586439,3.786423188083988e-28,8.78186968838527,0.0253069406163868
395,iDnes.cz 100% Corpus,0,10,100,8,5,30,0.0001,0,0.0621723801727753,0.2790823879748227,-0.024006628468973,0.6762422176566585,13.59773371104816,0.0
397,iDnes.cz 100% Corpus,1,5,200,20,5,20,1e-05,0,0.4961751998486585,2.3235981453237152e-20,0.4927390099740034,4.6241846112547957e-20,13.59773371104816,0.01185921958684
398,iDnes.cz 100% Corpus,0,10,158,4,2,30,0.0001,0,0.0503922996113609,0.3674215775698601,0.0291591481147207,0.6021451126749604,8.78186968838527,0.0
399,iDnes.cz 100% Corpus,1,15,250,4,0,30,0.0001,0,0.5114841879149501,3.940394348013416e-23,0.5256660805354437,1.4732470186922646e-24,7.64872521246459,0.0127952755905511
400,iDnes.cz 100% Corpus,1,5,450,20,3,30,0.001,0,0.5667975026397232,2.980881026662349e-28,0.5618573339250297,1.086195020922053e-27,10.48158640226629,0.0231111111111111
402,iDnes.cz 100% Corpus,1,10,250,16,3,30,0.0001,0,0.6056166621518804,5.171027615753775e-33,0.6088970708490672,1.9094930722248706e-33,10.48158640226629,0.029037037037037
403,iDnes.cz 100% Corpus,0,10,158,4,8,30,0.1,0,0.0042934959489526,0.9422681983934234,-0.0757098032010714,0.2009519615011809,18.69688385269122,0.0
405,iDnes.cz 100% Corpus,0,15,200,2,0,30,1e-05,0,0.0499266267853033,0.36889420143628,-0.002261594177135,0.9675531200432634,7.64872521246459,0.0
407,iDnes.cz 100% Corpus,1,10,200,8,1,25,0.1,0,0.5460075261153289,1.0004915391277074e-26,0.5409311052042076,3.5902403141258475e-26,7.64872521246459,0.0198818897637795
409,iDnes.cz 100% Corpus,0,15,200,8,8,20,0.1,0,0.0556721725475257,0.3473409797874592,-0.0304620978262301,0.607302481233335,18.69688385269122,0.0
410,iDnes.cz 100% Corpus,1,5,300,20,12,20,0.1,0,0.5744406464905053,5.109195839178535e-25,0.573462845628914,6.3991299926227785e-25,23.79603399433428,0.0394021739130434
411,iDnes.cz 100% Corpus,1,5,450,5,1,30,0.0,0,0.5021444916934886,3.1598925879901416e-22,0.5010450283128438,4.020591217038776e-22,7.64872521246459,0.0116141732283464
413,iDnes.cz 100% Corpus,0,15,100,8,8,20,0.01,0,-0.0618906722064453,0.29605960907587,-0.1237656927678623,0.0361143960349587,18.69688385269122,0.0
414,iDnes.cz 100% Corpus,0,10,158,2,1,30,1e-05,0,0.0756817208087127,0.1728270508166401,0.0135084315346281,0.8080245233634342,7.64872521246459,0.0
415,iDnes.cz 100% Corpus,0,15,158,16,3,25,1e-05,0,0.0931378075358092,0.098394612493522,0.0224253639073836,0.6912847603389536,10.48158640226629,0.0
416,iDnes.cz 100% Corpus,0,5,300,12,12,25,0.001,0,0.1303895533057769,0.0325392087331584,0.0475783953095777,0.4370702612013544,23.79603399433428,0.0
417,iDnes.cz 100% Corpus,0,15,158,4,5,20,0.0,0,-0.0162354050474607,0.7776417746685168,-0.1099593249228427,0.0550739230957569,13.59773371104816,0.0
418,iDnes.cz 100% Corpus,1,10,200,16,2,20,0.0001,0,0.5886429890914722,2.0696661046939063e-31,0.5738554495282996,1.3520825040611516e-29,8.78186968838527,0.0248058130794287
422,iDnes.cz 100% Corpus,1,15,200,20,0,25,0.01,0,0.5694153665180521,2.066287307253582e-29,0.5693252910769524,2.118051081692524e-29,7.64872521246459,0.0222440944881889
423,iDnes.cz 100% Corpus,1,10,300,12,8,25,0.1,0,0.5295765741371332,3.779909140636314e-22,0.5342651645262023,1.3907492037563657e-22,18.69688385269122,0.0262891809908999
424,iDnes.cz 100% Corpus,1,15,100,16,12,30,0.01,0,0.5013101942793632,1.5946312734211793e-18,0.5112623009192384,2.562592245196208e-19,23.79603399433428,0.0230978260869565
425,iDnes.cz 100% Corpus,0,5,300,4,12,25,0.01,0,0.1303895533057769,0.0325392087331584,0.0475783953095777,0.4370702612013544,23.79603399433428,0.0
426,iDnes.cz 100% Corpus,1,5,450,20,1,25,0.01,0,0.5514754210493651,2.465217520096608e-27,0.5400724648848697,4.446874513422732e-26,7.64872521246459,0.0125984251968503
427,iDnes.cz 100% Corpus,0,5,200,1,5,25,0.01,0,0.0424996402345603,0.4595968546678502,0.0105995439757035,0.8537324891991671,13.59773371104816,0.0
428,iDnes.cz 100% Corpus,0,10,50,1,8,20,0.01,0,0.0291660840528775,0.6226817735264566,-0.0137569044999875,0.8164986911402013,18.69688385269122,0.0
429,iDnes.cz 100% Corpus,0,15,300,5,2,20,0.1,0,0.0619701859585274,0.2675351845448125,-0.0048421259023415,0.9310280625726276,8.78186968838527,0.0
430,iDnes.cz 100% Corpus,1,10,200,8,12,25,0.0001,0,0.5706237242676832,1.2250592711701671e-24,0.5772857627564125,2.6424598920654867e-25,23.79603399433428,0.0380434782608695
432,iDnes.cz 100% Corpus,1,10,100,2,8,20,0.01,0,0.4469864860816209,1.6749801420743573e-15,0.455463414486164,4.184294658967175e-16,18.69688385269122,0.019211324570273
433,iDnes.cz 100% Corpus,1,10,250,2,0,30,0.01,0,0.4026318942422436,3.89835088987071e-14,0.4077637502642903,1.719861170513335e-14,7.64872521246459,0.0035433070866141
436,iDnes.cz 100% Corpus,0,5,300,1,8,25,0.001,0,0.0889400372731003,0.1328017894763796,-0.0057069795332598,0.9233131167457344,18.69688385269122,0.0
437,iDnes.cz 100% Corpus,1,10,450,12,12,30,0.01,0,0.5123491303796204,2.091172128541003e-19,0.5213291310716206,3.790319737311702e-20,23.79603399433428,0.0292119565217391
438,iDnes.cz 100% Corpus,1,5,200,2,8,25,0.1,0,0.4477559623508932,1.4791679594945826e-15,0.4591221251809357,2.2720244757925673e-16,18.69688385269122,0.0096056622851365
439,iDnes.cz 100% Corpus,0,10,158,4,1,30,0.1,0,0.0756817208087127,0.1728270508166401,0.0135084315346281,0.8080245233634342,7.64872521246459,0.0
440,iDnes.cz 100% Corpus,1,15,200,8,0,20,0.0001,0,0.5374969545531825,8.418063632107692e-26,0.5294683088958847,5.94420246562832e-25,7.64872521246459,0.0194881889763779
441,iDnes.cz 100% Corpus,1,15,200,8,12,25,0.0,0,0.5344068494900508,2.873396656305511e-21,0.5323000586224024,4.3869754318459764e-21,23.79603399433428,0.0271739130434782
443,iDnes.cz 100% Corpus,0,10,200,12,12,30,0.0,0,0.1069304571000313,0.0800069993128308,0.0534295977700014,0.3827429894629063,23.79603399433428,0.0
444,iDnes.cz 100% Corpus,0,10,50,12,1,30,0.01,0,0.0833002203045056,0.1333925491741424,0.0468428299425556,0.3992377049804001,7.64872521246459,0.0
445,iDnes.cz 100% Corpus,0,10,450,8,0,30,0.001,0,0.1260444334169305,0.0228379425911699,0.0649645048871327,0.2421236766637167,7.64872521246459,0.0
446,iDnes.cz 100% Corpus,1,10,100,4,8,25,0.01,0,0.4999191375433132,1.491794603121297e-19,0.5160589226360416,6.199181382292574e-21,18.69688385269122,0.0217391304347826
447,iDnes.cz 100% Corpus,0,10,158,2,12,30,0.0,0,0.0830767755345268,0.1742845259329768,0.0301539446995064,0.622457539315802,23.79603399433428,0.0
448,iDnes.cz 100% Corpus,1,15,250,5,1,20,1e-05,0,0.136423114191903,0.0136914519760361,0.1792502587587829,0.0011525048382318,7.64872521246459,0.0102362204724409
451,iDnes.cz 100% Corpus,0,15,250,8,5,30,0.01,0,0.1028697657763498,0.0728246011303394,0.0504018657166375,0.3803921008917293,13.59773371104816,0.0
452,iDnes.cz 100% Corpus,0,15,50,12,0,20,0.1,0,0.0833002203045056,0.1333925491741424,0.0468428299425556,0.3992377049804001,7.64872521246459,0.0
453,iDnes.cz 100% Corpus,0,5,50,1,1,30,0.01,0,0.0833002203045056,0.1333925491741424,0.0468428299425556,0.3992377049804001,7.64872521246459,0.0
454,iDnes.cz 100% Corpus,1,15,100,12,1,30,0.001,0,0.5691547060157452,2.2196150557062173e-29,0.5584431766949586,3.98316573895017e-28,7.64872521246459,0.0198818897637795
455,iDnes.cz 100% Corpus,0,10,200,2,2,20,0.0,0,0.1324476042686683,0.0174101441074306,0.1065280278733131,0.0561872933318611,8.78186968838527,0.0
458,iDnes.cz 100% Corpus,1,10,50,5,1,30,0.1,0,0.5395745022602437,5.033010515956357e-26,0.5448720529869541,1.3339920234366168e-26,7.64872521246459,0.0194881889763779
459,iDnes.cz 100% Corpus,1,10,300,8,0,25,0.001,0,0.5373234138123044,8.786216251113014e-26,0.5351199563709306,1.509745512117974e-25,7.64872521246459,0.0161417322834645
462,iDnes.cz 100% Corpus,1,10,300,1,8,20,0.0,0,0.3140650559563747,5.463386678801243e-08,0.3054143968978794,1.305199605826958e-07,18.69688385269122,0.0050556117290192
464,iDnes.cz 100% Corpus,0,5,50,1,1,30,0.1,0,0.0833002203045056,0.1333925491741424,0.0468428299425556,0.3992377049804001,7.64872521246459,0.0
465,iDnes.cz 100% Corpus,1,5,158,4,0,30,0.1,0,0.5115226174591236,3.9062654536860223e-23,0.5138889574462415,2.2814275176652546e-23,7.64872521246459,0.009251968503937
466,iDnes.cz 100% Corpus,0,10,158,12,2,30,0.1,0,0.0503922996113609,0.3674215775698601,0.0291591481147207,0.6021451126749604,8.78186968838527,0.0
467,iDnes.cz 100% Corpus,1,15,450,16,2,20,0.1,0,0.5668571845764727,9.087260142345523e-29,0.5575115897572739,1.0792963483375343e-27,8.78186968838527,0.0215484840892007
468,iDnes.cz 100% Corpus,1,10,200,12,2,30,1e-05,0,0.5508005038602816,6.08441050502687e-27,0.5337371343748383,4.163490154131665e-25,8.78186968838527,0.0152843898772237
469,iDnes.cz 100% Corpus,1,15,450,4,5,30,0.001,0,0.4812228107884763,4.390378168085732e-19,0.4991849758158178,1.263552662514328e-20,13.59773371104816,0.0091813312930374
471,iDnes.cz 100% Corpus,0,10,50,2,12,20,0.001,0,0.0595326702336432,0.3306902599804178,0.0539699601086972,0.3779423805645281,23.79603399433428,0.0
472,iDnes.cz 100% Corpus,1,5,450,1,5,30,0.001,0,0.3049775153857184,5.499875292088242e-08,0.3019770363695328,7.52247015394148e-08,13.59773371104816,0.0019127773527161
474,iDnes.cz 100% Corpus,1,5,50,5,5,30,0.0,0,0.520590350882997,1.388491634311803e-22,0.5378472364743325,2.878267635564393e-24,13.59773371104816,0.0283091048201989
475,iDnes.cz 100% Corpus,0,10,300,4,2,25,0.001,0,0.0619701859585274,0.2675351845448125,-0.0048421259023415,0.9310280625726276,8.78186968838527,0.0
476,iDnes.cz 100% Corpus,0,5,450,12,8,25,0.1,0,0.0767074011263325,0.1950635503624387,0.0053638247043087,0.9279113189880518,18.69688385269122,0.0
479,iDnes.cz 100% Corpus,1,15,158,20,12,30,0.001,0,0.5038837609940071,9.995853190718382e-19,0.509358548606754,3.652369443142679e-19,23.79603399433428,0.0217391304347826
481,iDnes.cz 100% Corpus,0,15,50,2,12,25,0.01,0,0.0595326702336432,0.3306902599804178,0.0539699601086972,0.3779423805645281,23.79603399433428,0.0
482,iDnes.cz 100% Corpus,0,5,158,20,12,25,1e-05,0,0.0830767755345268,0.1742845259329768,0.0301539446995064,0.622457539315802,23.79603399433428,0.0
483,iDnes.cz 100% Corpus,0,15,450,1,8,20,1e-05,0,0.0767074011263325,0.1950635503624387,0.0053638247043087,0.9279113189880518,18.69688385269122,0.0
484,iDnes.cz 100% Corpus,1,5,200,8,5,20,0.01,0,0.5512185215338963,1.220620562194282e-25,0.5425724312110375,9.57394255968204e-25,13.59773371104816,0.0252486610558531
485,iDnes.cz 100% Corpus,0,10,100,20,12,30,0.0001,0,0.097641017029979,0.1100887699542313,0.0703377295453235,0.2502770105284103,23.79603399433428,0.0
486,iDnes.cz 100% Corpus,0,5,100,12,0,30,0.01,0,0.0540506376206531,0.3306167193936211,0.0076816962494066,0.8901092867469114,7.64872521246459,0.0
487,iDnes.cz 100% Corpus,1,5,100,4,1,30,0.01,0,0.5103996660444624,5.0345408616673973e-23,0.5164371691563545,1.2724879926612918e-23,7.64872521246459,0.009251968503937
488,iDnes.cz 100% Corpus,0,5,158,1,8,30,1e-05,0,0.0042934959489526,0.9422681983934234,-0.0757098032010714,0.2009519615011809,18.69688385269122,0.0
489,iDnes.cz 100% Corpus,0,10,300,2,8,20,0.1,0,0.0889400372731003,0.1328017894763796,-0.0057069795332598,0.9233131167457344,18.69688385269122,0.0
491,iDnes.cz 100% Corpus,1,10,100,20,8,25,0.1,0,0.5429159407870567,2.1089639674506576e-23,0.5635536322273805,1.8673713572384132e-25,18.69688385269122,0.0328614762386248
493,iDnes.cz 100% Corpus,0,10,50,2,5,30,0.01,0,0.0774376782276058,0.1773806233740311,0.071132325332181,0.2154412658337266,13.59773371104816,0.0
494,iDnes.cz 100% Corpus,0,15,200,12,2,30,0.1,0,0.1324476042686683,0.0174101441074306,0.1065280278733131,0.0561872933318611,8.78186968838527,0.0
495,iDnes.cz 100% Corpus,1,5,450,5,12,25,1e-05,0,0.4649934465880816,7.76543720929763e-16,0.4596587764489708,1.8144954195495417e-15,23.79603399433428,0.015625
498,iDnes.cz 100% Corpus,1,15,200,8,2,20,1e-05,0,0.3010081474771605,3.615487671685193e-08,0.3243072366036248,2.543006909792991e-09,8.78186968838527,0.0072663492858932
502,iDnes.cz 100% Corpus,1,10,100,8,1,25,0.0,0,0.5496442406091021,3.95218744598419e-27,0.5458759936749739,1.0344528813241484e-26,7.64872521246459,0.0244094488188976
504,iDnes.cz 100% Corpus,1,15,50,5,5,30,0.001,0,0.5227431381466202,8.664767108352025e-23,0.5271850959339107,3.240204487352781e-23,13.59773371104816,0.021805661820964
505,iDnes.cz 100% Corpus,0,10,450,1,2,25,0.0001,0,0.0729609533066252,0.191590982263554,-0.0015800753788882,0.9774681889383904,8.78186968838527,0.0
506,iDnes.cz 100% Corpus,1,5,100,8,12,25,0.1,0,0.5486678077802417,1.5135036312124228e-22,0.5509920334405266,9.242653059353296e-23,23.79603399433428,0.029891304347826
507,iDnes.cz 100% Corpus,0,15,158,12,2,25,1e-05,0,0.0503922996113609,0.3674215775698601,0.0291591481147207,0.6021451126749604,8.78186968838527,0.0
511,iDnes.cz 100% Corpus,0,10,200,16,12,20,0.0,0,0.1069304571000313,0.0800069993128308,0.0534295977700014,0.3827429894629063,23.79603399433428,0.0
514,iDnes.cz 100% Corpus,1,5,450,4,8,25,0.001,0,0.4915097528099202,7.3277347820876645e-19,0.5052091892978935,5.3578481841336204e-20,18.69688385269122,0.018705763397371
515,iDnes.cz 100% Corpus,1,10,50,16,12,20,0.0,0,0.5706210961760814,1.2257923636131979e-24,0.5687087050985634,1.8917283293765647e-24,23.79603399433428,0.0441576086956521
516,iDnes.cz 100% Corpus,1,10,200,20,1,20,0.0001,0,0.5720985978197357,9.853044196791776e-30,0.5626253681172447,1.3063310231298429e-28,7.64872521246459,0.0163385826771653
518,iDnes.cz 100% Corpus,1,5,50,5,3,25,0.001,0,0.5342524677562026,1.0172976616300096e-24,0.5365055584304613,5.957568995574207e-25,10.48158640226629,0.0296296296296296
519,iDnes.cz 100% Corpus,0,15,200,4,0,20,0.0001,0,0.0499266267853033,0.36889420143628,-0.002261594177135,0.9675531200432634,7.64872521246459,0.0
520,iDnes.cz 100% Corpus,0,5,250,5,1,20,0.001,0,0.1295483004409854,0.019286862952128,0.0572389933894823,0.3028447197835996,7.64872521246459,0.0
522,iDnes.cz 100% Corpus,1,10,158,8,1,25,0.0001,0,0.5679998739132431,3.045606863651453e-29,0.554916482168335,1.0074654601527555e-27,7.64872521246459,0.0194881889763779
523,iDnes.cz 100% Corpus,1,5,200,16,3,30,1e-05,0,0.550629209056486,1.896166086177937e-26,0.532615465626652,1.4969095687448524e-24,10.48158640226629,0.016
524,iDnes.cz 100% Corpus,1,5,450,12,8,20,0.01,0,0.5624873413572684,2.403418582895232e-25,0.5518234224827001,2.854163843299633e-24,18.69688385269122,0.0267947421638018
525,iDnes.cz 100% Corpus,1,10,158,4,2,25,0.1,0,0.4925940121664611,4.3650482293225816e-21,0.5045652263247329,3.3561839095997813e-22,8.78186968838527,0.0117764971185166
526,iDnes.cz 100% Corpus,0,5,300,4,12,30,0.01,0,0.1303895533057769,0.0325392087331584,0.0475783953095777,0.4370702612013544,23.79603399433428,0.0
528,iDnes.cz 100% Corpus,1,15,300,20,0,25,0.0001,0,0.5960311439028045,9.766436431117419e-33,0.591411120299393,3.8829991695815207e-32,7.64872521246459,0.0220472440944881
529,iDnes.cz 100% Corpus,1,10,300,1,12,25,0.0001,0,0.349319927136178,3.8817637898277824e-09,0.3469764292031483,5.005522454768597e-09,23.79603399433428,0.0040760869565217
530,iDnes.cz 100% Corpus,1,15,250,4,3,30,0.0001,0,0.5083084003203276,3.6463966585854383e-22,0.5313243457645997,2.027016315498155e-24,10.48158640226629,0.0142222222222222
534,iDnes.cz 100% Corpus,1,5,100,1,12,30,0.001,0,0.3184794038123886,9.35716884433304e-08,0.3025005706528248,4.253388567446021e-07,23.79603399433428,0.0081521739130434
535,iDnes.cz 100% Corpus,1,10,100,4,3,25,0.001,0,0.4985378464371178,2.9416638825159136e-21,0.5135972130135618,1.144859962736474e-22,10.48158640226629,0.0171851851851851
536,iDnes.cz 100% Corpus,1,5,300,1,12,20,0.0,0,0.3267776509012189,4.11288876885831e-08,0.3177792926606935,1.0017838881392349e-07,23.79603399433428,0.0081521739130434
537,iDnes.cz 100% Corpus,0,15,200,16,12,25,0.01,0,0.1069304571000313,0.0800069993128308,0.0534295977700014,0.3827429894629063,23.79603399433428,0.0
538,iDnes.cz 100% Corpus,1,5,300,12,1,20,0.1,0,0.5369001734617362,9.752014109803994e-26,0.5221599947619465,3.3680589290816916e-24,7.64872521246459,0.0112204724409448
541,iDnes.cz 100% Corpus,0,15,50,1,2,20,1e-05,0,0.1416429403095265,0.0109387571690379,0.1203801058963536,0.0308034646995239,8.78186968838527,0.0
542,iDnes.cz 100% Corpus,0,15,250,2,12,20,0.1,0,0.1528645041596007,0.012064251071165,0.0785300911400281,0.199150671582968,23.79603399433428,0.0
543,iDnes.cz 100% Corpus,1,10,50,16,12,25,1e-05,0,0.5823225159600788,8.094459266694837e-26,0.5550183956014189,3.897391996699288e-23,23.79603399433428,0.0373641304347826
544,iDnes.cz 100% Corpus,1,5,50,8,1,20,0.1,0,0.5180986477558596,8.673214028592484e-24,0.5157503261740037,1.490068556529245e-23,7.64872521246459,0.0163385826771653
546,iDnes.cz 100% Corpus,0,15,50,5,8,20,0.1,0,0.0291660840528775,0.6226817735264566,-0.0137569044999875,0.8164986911402013,18.69688385269122,0.0
548,iDnes.cz 100% Corpus,1,10,300,2,12,25,1e-05,0,0.4455295974746971,1.601303951211584e-14,0.4568145532321164,2.8357059236201024e-15,23.79603399433428,0.0264945652173913
549,iDnes.cz 100% Corpus,1,15,50,12,0,20,0.01,0,0.5482927414951615,5.588788081616411e-27,0.5428806239768555,2.203600978113768e-26,7.64872521246459,0.0196850393700787
550,iDnes.cz 100% Corpus,0,15,250,20,5,30,0.0001,0,0.1028697657763498,0.0728246011303394,0.0504018657166375,0.3803921008917293,13.59773371104816,0.0
551,iDnes.cz 100% Corpus,0,10,158,4,3,20,0.01,0,0.0931378075358092,0.098394612493522,0.0224253639073836,0.6912847603389536,10.48158640226629,0.0
552,iDnes.cz 100% Corpus,1,10,158,4,8,25,0.0001,0,0.5306096576873045,3.036561540632505e-22,0.5445402658135032,1.4709630524612582e-23,18.69688385269122,0.0298281092012133
554,iDnes.cz 100% Corpus,1,10,50,12,1,30,0.0001,0,0.5866955667995724,1.5528597564988941e-31,0.5691077734809279,2.2483918751408077e-29,7.64872521246459,0.0196850393700787
557,iDnes.cz 100% Corpus,0,5,200,20,12,25,0.1,0,0.1069304571000313,0.0800069993128308,0.0534295977700014,0.3827429894629063,23.79603399433428,0.0
558,iDnes.cz 100% Corpus,0,5,50,4,1,25,1e-05,0,0.0833002203045056,0.1333925491741424,0.0468428299425556,0.3992377049804001,7.64872521246459,0.0
559,iDnes.cz 100% Corpus,0,15,300,16,8,25,1e-05,0,0.0889400372731003,0.1328017894763796,-0.0057069795332598,0.9233131167457344,18.69688385269122,0.0
561,iDnes.cz 100% Corpus,0,5,158,2,1,25,0.01,0,0.0756817208087127,0.1728270508166401,0.0135084315346281,0.8080245233634342,7.64872521246459,0.0
562,iDnes.cz 100% Corpus,1,10,450,12,12,25,1e-05,0,0.5857643356397796,3.563818811375643e-26,0.5698381332839492,1.4645907158869103e-24,23.79603399433428,0.0400815217391304
563,iDnes.cz 100% Corpus,0,15,158,2,1,20,0.001,0,0.0756817208087127,0.1728270508166401,0.0135084315346281,0.8080245233634342,7.64872521246459,0.0
564,iDnes.cz 100% Corpus,0,10,250,5,1,25,1e-05,0,0.1295483004409854,0.019286862952128,0.0572389933894823,0.3028447197835996,7.64872521246459,0.0
565,iDnes.cz 100% Corpus,0,10,100,2,5,20,0.1,0,0.0621723801727753,0.2790823879748227,-0.024006628468973,0.6762422176566585,13.59773371104816,0.0
567,iDnes.cz 100% Corpus,1,15,100,1,1,20,0.1,0,0.341007028592095,2.5497109576342e-10,0.3296118947525844,1.062438899707417e-09,7.64872521246459,0.001771653543307
568,iDnes.cz 100% Corpus,0,15,300,1,2,25,0.001,0,0.0619701859585274,0.2675351845448125,-0.0048421259023415,0.9310280625726276,8.78186968838527,0.0
569,iDnes.cz 100% Corpus,0,10,450,5,1,30,0.0,0,0.1260444334169305,0.0228379425911699,0.0649645048871327,0.2421236766637167,7.64872521246459,0.0
570,iDnes.cz 100% Corpus,0,10,50,12,12,25,0.01,0,0.0595326702336432,0.3306902599804178,0.0539699601086972,0.3779423805645281,23.79603399433428,0.0
571,iDnes.cz 100% Corpus,0,5,300,12,3,20,0.0,0,0.1300240053319067,0.0207765432537697,0.1005042688258398,0.0744167514523903,10.48158640226629,0.0
573,iDnes.cz 100% Corpus,1,15,300,5,5,30,0.0001,0,0.5389007011562436,2.255306660397997e-24,0.5572544977606797,2.7959791211810625e-26,13.59773371104816,0.0256312165263963
574,iDnes.cz 100% Corpus,0,5,200,8,8,30,0.001,0,0.0556721725475257,0.3473409797874592,-0.0304620978262301,0.607302481233335,18.69688385269122,0.0
575,iDnes.cz 100% Corpus,1,5,50,20,8,20,0.0001,0,0.6033746826183884,7.544792736194036e-30,0.593407594720647,1.083472979073227e-28,18.69688385269122,0.0257836198179979
577,iDnes.cz 100% Corpus,1,15,450,8,12,30,0.001,0,0.5073342896805326,5.310788063394865e-19,0.5235004444280226,2.488929755900463e-20,23.79603399433428,0.0190217391304347
578,iDnes.cz 100% Corpus,1,10,450,12,2,20,0.1,0,0.5654038413148617,1.3421682011096096e-28,0.5566464301947205,1.3518314491619397e-27,8.78186968838527,0.0205462290152843
582,iDnes.cz 100% Corpus,1,15,250,1,5,25,1e-05,0,0.3849637972685588,3.265739571762432e-12,0.4164568483444613,3.1776972524973914e-14,13.59773371104816,0.0149196633511859
583,iDnes.cz 100% Corpus,0,5,100,20,5,30,0.01,0,0.0621723801727753,0.2790823879748227,-0.024006628468973,0.6762422176566585,13.59773371104816,0.0
585,iDnes.cz 100% Corpus,1,10,200,12,3,25,0.0001,0,0.5907298485228156,4.125094620862366e-31,0.5875234277011846,1.0286919356470963e-30,10.48158640226629,0.0248888888888888
586,iDnes.cz 100% Corpus,0,15,300,1,1,30,0.0001,0,0.1128938536330329,0.041646184196462,0.0598987348223975,0.2808936089211437,7.64872521246459,0.0
587,iDnes.cz 100% Corpus,0,15,200,20,0,30,1e-05,0,0.0499266267853033,0.36889420143628,-0.002261594177135,0.9675531200432634,7.64872521246459,0.0
590,iDnes.cz 100% Corpus,0,5,158,2,1,25,0.1,0,0.0756817208087127,0.1728270508166401,0.0135084315346281,0.8080245233634342,7.64872521246459,0.0
591,iDnes.cz 100% Corpus,0,5,50,12,0,25,1e-05,0,0.0833002203045056,0.1333925491741424,0.0468428299425556,0.3992377049804001,7.64872521246459,0.0
593,iDnes.cz 100% Corpus,0,5,200,5,8,25,0.0,0,0.0556721725475257,0.3473409797874592,-0.0304620978262301,0.607302481233335,18.69688385269122,0.0
595,iDnes.cz 100% Corpus,0,5,100,12,12,20,0.1,0,0.097641017029979,0.1100887699542313,0.0703377295453235,0.2502770105284103,23.79603399433428,0.0
597,iDnes.cz 100% Corpus,1,15,100,8,12,25,0.0001,0,0.5818048717463352,9.149681234056876e-26,0.5763289545993607,3.300781979724174e-25,23.79603399433428,0.0326086956521739
598,iDnes.cz 100% Corpus,0,10,300,20,0,20,0.1,0,0.1128938536330329,0.041646184196462,0.0598987348223975,0.2808936089211437,7.64872521246459,0.0
599,iDnes.cz 100% Corpus,1,15,200,8,0,30,0.0,0,0.5462089557169967,9.506043240162163e-27,0.5455750019696473,1.1165071415585295e-26,7.64872521246459,0.0210629921259842
600,iDnes.cz 100% Corpus,1,10,450,8,2,30,0.0001,0,0.571159066230899,2.83235868742845e-29,0.5615036523586439,3.786423188083988e-28,8.78186968838527,0.0253069406163868
601,iDnes.cz 100% Corpus,0,10,100,8,5,30,0.0001,0,0.0621723801727753,0.2790823879748227,-0.024006628468973,0.6762422176566585,13.59773371104816,0.0
603,iDnes.cz 100% Corpus,1,5,200,20,5,20,1e-05,0,0.4961751998486585,2.3235981453237152e-20,0.4927390099740034,4.6241846112547957e-20,13.59773371104816,0.01185921958684
606,iDnes.cz 100% Corpus,1,5,450,20,3,30,0.001,0,0.5667975026397232,2.980881026662349e-28,0.5618573339250297,1.086195020922053e-27,10.48158640226629,0.0231111111111111
608,iDnes.cz 100% Corpus,1,10,250,16,3,30,0.0001,0,0.6056166621518804,5.171027615753775e-33,0.6088970708490672,1.9094930722248706e-33,10.48158640226629,0.029037037037037
609,iDnes.cz 100% Corpus,0,10,158,4,8,30,0.1,0,0.0042934959489526,0.9422681983934234,-0.0757098032010714,0.2009519615011809,18.69688385269122,0.0
610,iDnes.cz 100% Corpus,1,10,100,5,2,20,0.1,0,0.5065826681067355,2.156408075377605e-22,0.515995971820503,2.6318560955917692e-23,8.78186968838527,0.022801302931596
611,iDnes.cz 100% Corpus,0,15,200,2,0,30,1e-05,0,0.0499266267853033,0.36889420143628,-0.002261594177135,0.9675531200432634,7.64872521246459,0.0
613,iDnes.cz 100% Corpus,1,10,200,8,1,25,0.1,0,0.5460075261153289,1.0004915391277074e-26,0.5409311052042076,3.5902403141258475e-26,7.64872521246459,0.0198818897637795
615,iDnes.cz 100% Corpus,0,15,200,8,8,20,0.1,0,0.0556721725475257,0.3473409797874592,-0.0304620978262301,0.607302481233335,18.69688385269122,0.0
618,iDnes.cz 100% Corpus,0,15,450,2,0,25,0.1,0,0.1260444334169305,0.0228379425911699,0.0649645048871327,0.2421236766637167,7.64872521246459,0.0
619,iDnes.cz 100% Corpus,0,15,100,8,8,20,0.01,0,-0.0618906722064453,0.29605960907587,-0.1237656927678623,0.0361143960349587,18.69688385269122,0.0
620,iDnes.cz 100% Corpus,0,10,158,2,1,30,1e-05,0,0.0756817208087127,0.1728270508166401,0.0135084315346281,0.8080245233634342,7.64872521246459,0.0
621,iDnes.cz 100% Corpus,0,15,158,16,3,25,1e-05,0,0.0931378075358092,0.098394612493522,0.0224253639073836,0.6912847603389536,10.48158640226629,0.0
624,iDnes.cz 100% Corpus,1,10,200,16,2,20,0.0001,0,0.5886429890914722,2.0696661046939063e-31,0.5738554495282996,1.3520825040611516e-29,8.78186968838527,0.0248058130794287
625,iDnes.cz 100% Corpus,1,15,50,4,1,25,0.0001,0,0.5312310628135882,3.887334546114592e-25,0.5364910445936412,1.0784895556293336e-25,7.64872521246459,0.0088582677165354
626,iDnes.cz 100% Corpus,0,10,158,4,3,25,1e-05,0,0.0931378075358092,0.098394612493522,0.0224253639073836,0.6912847603389536,10.48158640226629,0.0
629,iDnes.cz 100% Corpus,1,10,300,12,8,25,0.1,0,0.5295765741371332,3.779909140636314e-22,0.5342651645262023,1.3907492037563657e-22,18.69688385269122,0.0262891809908999
630,iDnes.cz 100% Corpus,1,15,100,16,12,30,0.01,0,0.5013101942793632,1.5946312734211793e-18,0.5112623009192384,2.562592245196208e-19,23.79603399433428,0.0230978260869565
633,iDnes.cz 100% Corpus,0,5,200,1,5,25,0.01,0,0.0424996402345603,0.4595968546678502,0.0105995439757035,0.8537324891991671,13.59773371104816,0.0
637,iDnes.cz 100% Corpus,0,10,50,8,12,30,1e-05,0,0.0595326702336432,0.3306902599804178,0.0539699601086972,0.3779423805645281,23.79603399433428,0.0
640,iDnes.cz 100% Corpus,0,10,250,20,0,25,0.0001,0,0.1295483004409854,0.019286862952128,0.0572389933894823,0.3028447197835996,7.64872521246459,0.0
642,iDnes.cz 100% Corpus,0,5,300,1,8,25,0.001,0,0.0889400372731003,0.1328017894763796,-0.0057069795332598,0.9233131167457344,18.69688385269122,0.0
643,iDnes.cz 100% Corpus,1,10,450,12,12,30,0.01,0,0.5123491303796204,2.091172128541003e-19,0.5213291310716206,3.790319737311702e-20,23.79603399433428,0.0292119565217391
644,iDnes.cz 100% Corpus,1,5,200,2,8,25,0.1,0,0.4477559623508932,1.4791679594945826e-15,0.4591221251809357,2.2720244757925673e-16,18.69688385269122,0.0096056622851365
645,iDnes.cz 100% Corpus,0,10,158,4,1,30,0.1,0,0.0756817208087127,0.1728270508166401,0.0135084315346281,0.8080245233634342,7.64872521246459,0.0
646,iDnes.cz 100% Corpus,1,15,200,8,0,20,0.0001,0,0.5374969545531825,8.418063632107692e-26,0.5294683088958847,5.94420246562832e-25,7.64872521246459,0.0194881889763779
647,iDnes.cz 100% Corpus,1,15,200,8,12,25,0.0,0,0.5344068494900508,2.873396656305511e-21,0.5323000586224024,4.3869754318459764e-21,23.79603399433428,0.0271739130434782
648,iDnes.cz 100% Corpus,1,5,100,20,3,20,0.001,0,0.5645061532859966,5.444775656307551e-28,0.5517571257199294,1.429641969646979e-26,10.48158640226629,0.0195555555555555
649,iDnes.cz 100% Corpus,0,10,200,12,12,30,0.0,0,0.1069304571000313,0.0800069993128308,0.0534295977700014,0.3827429894629063,23.79603399433428,0.0
653,iDnes.cz 100% Corpus,0,10,158,2,12,30,0.0,0,0.0830767755345268,0.1742845259329768,0.0301539446995064,0.622457539315802,23.79603399433428,0.0
656,iDnes.cz 100% Corpus,1,10,158,12,0,25,0.001,0,0.5598620798220966,2.733559532006316e-28,0.5494442520734493,4.160523206836119e-27,7.64872521246459,0.0214566929133858
657,iDnes.cz 100% Corpus,0,15,250,8,5,30,0.01,0,0.1028697657763498,0.0728246011303394,0.0504018657166375,0.3803921008917293,13.59773371104816,0.0
659,iDnes.cz 100% Corpus,0,5,50,1,1,30,0.01,0,0.0833002203045056,0.1333925491741424,0.0468428299425556,0.3992377049804001,7.64872521246459,0.0
663,iDnes.cz 100% Corpus,1,10,50,12,8,25,0.0,0,0.5645296725320779,1.4810190670540212e-25,0.5739569089500515,1.5164794608624065e-26,18.69688385269122,0.0262891809908999
665,iDnes.cz 100% Corpus,1,10,300,8,0,25,0.001,0,0.5373234138123044,8.786216251113014e-26,0.5351199563709306,1.509745512117974e-25,7.64872521246459,0.0161417322834645
666,iDnes.cz 100% Corpus,0,5,158,16,2,20,0.0001,0,0.0503922996113609,0.3674215775698601,0.0291591481147207,0.6021451126749604,8.78186968838527,0.0
667,iDnes.cz 100% Corpus,0,5,100,1,5,25,0.01,0,0.0621723801727753,0.2790823879748227,-0.024006628468973,0.6762422176566585,13.59773371104816,0.0
668,iDnes.cz 100% Corpus,1,10,300,1,8,20,0.0,0,0.3140650559563747,5.463386678801243e-08,0.3054143968978794,1.305199605826958e-07,18.69688385269122,0.0050556117290192
672,iDnes.cz 100% Corpus,0,10,158,12,2,30,0.1,0,0.0503922996113609,0.3674215775698601,0.0291591481147207,0.6021451126749604,8.78186968838527,0.0
673,iDnes.cz 100% Corpus,1,15,450,16,2,20,0.1,0,0.5668571845764727,9.087260142345523e-29,0.5575115897572739,1.0792963483375343e-27,8.78186968838527,0.0215484840892007
674,iDnes.cz 100% Corpus,1,10,200,12,2,30,1e-05,0,0.5508005038602816,6.08441050502687e-27,0.5337371343748383,4.163490154131665e-25,8.78186968838527,0.0152843898772237
675,iDnes.cz 100% Corpus,1,15,450,4,5,30,0.001,0,0.4812228107884763,4.390378168085732e-19,0.4991849758158178,1.263552662514328e-20,13.59773371104816,0.0091813312930374
676,iDnes.cz 100% Corpus,1,5,100,16,3,20,0.01,0,0.5593877637858216,2.05648341519105e-27,0.5411969441795855,1.9300745659263137e-25,10.48158640226629,0.0219259259259259
677,iDnes.cz 100% Corpus,0,10,50,2,12,20,0.001,0,0.0595326702336432,0.3306902599804178,0.0539699601086972,0.3779423805645281,23.79603399433428,0.0
678,iDnes.cz 100% Corpus,1,5,450,1,5,30,0.001,0,0.3049775153857184,5.499875292088242e-08,0.3019770363695328,7.52247015394148e-08,13.59773371104816,0.0019127773527161
679,iDnes.cz 100% Corpus,0,5,200,5,2,25,0.0001,0,0.1324476042686683,0.0174101441074306,0.1065280278733131,0.0561872933318611,8.78186968838527,0.0
680,iDnes.cz 100% Corpus,1,5,50,5,5,30,0.0,0,0.520590350882997,1.388491634311803e-22,0.5378472364743325,2.878267635564393e-24,13.59773371104816,0.0283091048201989
681,iDnes.cz 100% Corpus,0,10,300,4,2,25,0.001,0,0.0619701859585274,0.2675351845448125,-0.0048421259023415,0.9310280625726276,8.78186968838527,0.0
682,iDnes.cz 100% Corpus,0,5,450,12,8,25,0.1,0,0.0767074011263325,0.1950635503624387,0.0053638247043087,0.9279113189880518,18.69688385269122,0.0
684,iDnes.cz 100% Corpus,1,10,100,1,0,25,0.001,0,0.3751183670262488,2.4814585358678654e-12,0.3525627720579403,5.6453862282850193e-11,7.64872521246459,0.0007874015748031
685,iDnes.cz 100% Corpus,1,15,158,20,12,30,0.001,0,0.5038837609940071,9.995853190718382e-19,0.509358548606754,3.652369443142679e-19,23.79603399433428,0.0217391304347826
686,iDnes.cz 100% Corpus,0,10,200,5,5,20,0.1,0,0.0424996402345603,0.4595968546678502,0.0105995439757035,0.8537324891991671,13.59773371104816,0.0
687,iDnes.cz 100% Corpus,0,15,50,2,12,25,0.01,0,0.0595326702336432,0.3306902599804178,0.0539699601086972,0.3779423805645281,23.79603399433428,0.0
689,iDnes.cz 100% Corpus,0,15,450,1,8,20,1e-05,0,0.0767074011263325,0.1950635503624387,0.0053638247043087,0.9279113189880518,18.69688385269122,0.0
690,iDnes.cz 100% Corpus,1,5,200,8,5,20,0.01,0,0.5512185215338963,1.220620562194282e-25,0.5425724312110375,9.57394255968204e-25,13.59773371104816,0.0252486610558531
691,iDnes.cz 100% Corpus,0,10,100,20,12,30,0.0001,0,0.097641017029979,0.1100887699542313,0.0703377295453235,0.2502770105284103,23.79603399433428,0.0
694,iDnes.cz 100% Corpus,0,5,158,1,8,30,1e-05,0,0.0042934959489526,0.9422681983934234,-0.0757098032010714,0.2009519615011809,18.69688385269122,0.0
696,iDnes.cz 100% Corpus,1,5,250,2,1,20,0.001,0,0.374128253398392,2.861028016794585e-12,0.3863557585186325,4.767121956864231e-13,7.64872521246459,0.0068897637795275
698,iDnes.cz 100% Corpus,1,5,450,4,1,25,0.0,0,0.4754351333346299,8.656112502368672e-20,0.4809194551966127,2.844867094555613e-20,7.64872521246459,0.0094488188976377
699,iDnes.cz 100% Corpus,0,15,450,4,3,25,0.0,0,0.0519076143299379,0.3577330073202929,-0.0265632224225705,0.638062186726347,10.48158640226629,0.0
702,iDnes.cz 100% Corpus,0,10,450,8,12,25,0.01,0,0.112638706412915,0.0650835448674345,0.0435797756532392,0.4766064713428731,23.79603399433428,0.0
704,iDnes.cz 100% Corpus,0,10,450,1,1,30,0.0001,0,0.1260444334169305,0.0228379425911699,0.0649645048871327,0.2421236766637167,7.64872521246459,0.0
708,iDnes.cz 100% Corpus,1,5,100,8,2,20,0.0001,0,0.5617148103174905,3.5809256929220047e-28,0.5413080892754782,6.577663607809736e-26,8.78186968838527,0.0145326985717865
713,iDnes.cz 100% Corpus,1,5,158,12,5,30,0.0,0,0.5713866717883388,7.868179101895393e-28,0.5693646068099727,1.3253688757321651e-27,13.59773371104816,0.0229533282325937
714,iDnes.cz 100% Corpus,0,15,300,16,8,30,0.001,0,0.0889400372731003,0.1328017894763796,-0.0057069795332598,0.9233131167457344,18.69688385269122,0.0
716,iDnes.cz 100% Corpus,1,15,158,8,8,25,0.0001,0,0.5643369288472618,1.550482553155764e-25,0.5761224392759475,8.891115558464113e-27,18.69688385269122,0.0358948432760364
717,iDnes.cz 100% Corpus,0,5,158,8,8,30,1e-05,0,0.0042934959489526,0.9422681983934234,-0.0757098032010714,0.2009519615011809,18.69688385269122,0.0
718,iDnes.cz 100% Corpus,0,5,450,1,1,25,0.0,0,0.1260444334169305,0.0228379425911699,0.0649645048871327,0.2421236766637167,7.64872521246459,0.0
720,iDnes.cz 100% Corpus,0,5,300,4,1,20,1e-05,0,0.1128938536330329,0.041646184196462,0.0598987348223975,0.2808936089211437,7.64872521246459,0.0
722,iDnes.cz 100% Corpus,1,15,450,1,8,30,1e-05,0,0.4758417568968433,1.2682771491878029e-17,0.4677555656445262,5.2223424833382815e-17,18.69688385269122,0.0374115267947421
724,iDnes.cz 100% Corpus,1,15,200,8,8,25,0.01,0,0.5333861475454341,1.6794783519373692e-22,0.5363121643009741,8.94407212615332e-23,18.69688385269122,0.0237613751263902
725,iDnes.cz 100% Corpus,1,5,158,20,3,20,0.01,0,0.5642200994537632,5.868134001725359e-28,0.5576369502227836,3.2230131849209185e-27,10.48158640226629,0.018074074074074
727,iDnes.cz 100% Corpus,0,10,158,12,2,25,0.01,0,0.0503922996113609,0.3674215775698601,0.0291591481147207,0.6021451126749604,8.78186968838527,0.0
728,iDnes.cz 100% Corpus,0,5,200,4,1,30,1e-05,0,0.0499266267853033,0.36889420143628,-0.002261594177135,0.9675531200432634,7.64872521246459,0.0
730,iDnes.cz 100% Corpus,0,15,200,20,3,25,0.0001,0,0.0538772921142466,0.3397588807550694,-0.0134839310247202,0.8112943539584446,10.48158640226629,0.0
731,iDnes.cz 100% Corpus,1,10,250,2,12,30,0.1,0,0.4153981472503711,1.2036997289659345e-12,0.4373670575399799,5.3851573808184577e-14,23.79603399433428,0.0067934782608695
732,iDnes.cz 100% Corpus,0,5,250,20,0,20,0.0,0,0.1295483004409854,0.019286862952128,0.0572389933894823,0.3028447197835996,7.64872521246459,0.0
735,iDnes.cz 100% Corpus,1,15,300,12,8,25,0.0001,0,0.5670488127036403,8.113113766662454e-26,0.5666042075891884,9.025684211491048e-26,18.69688385269122,0.0374115267947421
737,iDnes.cz 100% Corpus,0,10,450,12,12,30,0.01,0,0.112638706412915,0.0650835448674345,0.0435797756532392,0.4766064713428731,23.79603399433428,0.0
738,iDnes.cz 100% Corpus,0,5,200,4,5,25,0.0001,0,0.0424996402345603,0.4595968546678502,0.0105995439757035,0.8537324891991671,13.59773371104816,0.0
740,iDnes.cz 100% Corpus,0,5,300,5,1,20,0.001,0,0.1128938536330329,0.041646184196462,0.0598987348223975,0.2808936089211437,7.64872521246459,0.0
741,iDnes.cz 100% Corpus,1,15,158,2,5,30,0.1,0,0.3901901326216866,1.5656204361412872e-12,0.3956494118723048,7.162733383736775e-13,13.59773371104816,0.0038255547054322
742,iDnes.cz 100% Corpus,1,15,100,4,12,30,0.01,0,0.4637101231040458,9.537243699801162e-16,0.4656335871796837,7.006532020483456e-16,23.79603399433428,0.0271739130434782
743,iDnes.cz 100% Corpus,1,5,450,1,5,25,0.0001,0,0.3920684994068469,1.198239541336759e-12,0.3945245769813035,8.424892443958454e-13,13.59773371104816,0.0053557765876052
744,iDnes.cz 100% Corpus,1,15,450,16,12,25,0.1,0,0.5372480953819333,1.6162788501582453e-21,0.5453566060155205,3.0357031694761263e-22,23.79603399433428,0.0319293478260869
745,iDnes.cz 100% Corpus,1,5,200,1,5,25,0.001,0,0.3328465784544126,2.524893497068141e-09,0.337248297314341,1.5073841425365103e-09,13.59773371104816,0.0045906656465187
746,iDnes.cz 100% Corpus,0,5,300,12,8,30,0.01,0,0.0889400372731003,0.1328017894763796,-0.0057069795332598,0.9233131167457344,18.69688385269122,0.0
747,iDnes.cz 100% Corpus,1,15,250,2,3,30,0.01,0,0.3886786851991398,7.743290269245576e-13,0.4086588316600051,3.7693062879915496e-14,10.48158640226629,0.0035555555555555
748,iDnes.cz 100% Corpus,0,10,450,4,0,20,0.001,0,0.1260444334169305,0.0228379425911699,0.0649645048871327,0.2421236766637167,7.64872521246459,0.0
749,iDnes.cz 100% Corpus,1,5,450,20,2,30,0.1,0,0.5693826052475528,4.5932330352153715e-29,0.5615510977521864,3.7392587883727724e-28,8.78186968838527,0.0202956652468053
752,iDnes.cz 100% Corpus,1,5,158,16,12,25,0.01,0,0.5677395358959242,2.3544587312509845e-24,0.5683480525393655,2.0523871869770782e-24,23.79603399433428,0.03125
753,iDnes.cz 100% Corpus,1,15,250,5,5,30,0.0001,0,0.5427677490598698,9.144670598940667e-25,0.5579271993565201,2.3680553380414944e-26,13.59773371104816,0.0233358837031369
754,iDnes.cz 100% Corpus,0,10,158,4,5,20,0.01,0,-0.0162354050474607,0.7776417746685168,-0.1099593249228427,0.0550739230957569,13.59773371104816,0.0
755,iDnes.cz 100% Corpus,1,5,50,16,0,20,0.0001,0,0.5683249290402893,2.7864743093928e-29,0.5415194071737097,3.0995386458381043e-26,7.64872521246459,0.0108267716535433
